{
  "welfare_data": [
    1.0725924539656262e-06,
    2.1072589788673213e-06,
    1.952564161911141e-06,
    1.4765049627385451e-07,
    2.0756549190537044e-07,
    0.0,
    0.34190133213996887,
    0.35024964809417725,
    0.3300524950027466,
    0.3142348825931549,
    0.3050922751426697,
    0.0,
    9.674240573076531e-07,
    7.853969691495877e-06,
    1.4046267097000964e-05
  ],
  "labels": [
    "Eq 1",
    "Eq 2",
    "Eq 3",
    "Eq 4",
    "Eq 5",
    "Eq 6",
    "Eq 7",
    "Eq 8",
    "Eq 9",
    "Eq 10",
    "Eq 11",
    "Eq 12",
    "Eq 13",
    "Eq 14",
    "Eq 15"
  ],
  "best_equilibrium_welfare": 0.35024964809417725,
  "worst_equilibrium_welfare": 0.0,
  "welfare_variance": 0.024045541130837567,
  "analysis_type": "role_symmetric"
}