{
  "strategy_names": [
    "MELO_0_100",
    "MELO_100_0"
  ],
  "num_strategies": 2,
  "num_players": 10,
  "payoff_matrix": [
    [
      -2.6232383251190186,
      -0.3927900195121765,
      -1.850364089012146,
      -1.409576654434204,
      0.0,
      -0.29167550802230835,
      -1.0792816877365112,
      -0.510057270526886,
      -4.314149379730225,
      -0.6587213277816772,
      -0.8600665330886841
    ],
    [
      0.7420511245727539,
      1.3895890712738037,
      0.808160126209259,
      0.8995316624641418,
      0.6190634369850159,
      0.0,
      1.002446174621582,
      1.3324624300003052,
      0.6772864460945129,
      1.221687912940979,
      1.110365867614746
    ]
  ],
  "game_metadata": {
    "payoff_mean": 27633.252042019478,
    "payoff_std": 6405.260738905292
  },
  "total_profiles_simulated": 11,
  "profiles_per_strategy_combination": {
    "[('MELO_0_100', 2), ('MELO_100_0', 8)]": 1,
    "[('MELO_0_100', 9), ('MELO_100_0', 1)]": 1,
    "[('MELO_0_100', 3), ('MELO_100_0', 7)]": 1,
    "[('MELO_0_100', 4), ('MELO_100_0', 6)]": 1,
    "[('MELO_100_0', 10)]": 1,
    "[('MELO_0_100', 10)]": 1,
    "[('MELO_0_100', 5), ('MELO_100_0', 5)]": 1,
    "[('MELO_0_100', 8), ('MELO_100_0', 2)]": 1,
    "[('MELO_0_100', 1), ('MELO_100_0', 9)]": 1,
    "[('MELO_0_100', 7), ('MELO_100_0', 3)]": 1,
    "[('MELO_0_100', 6), ('MELO_100_0', 4)]": 1
  }
}