{
  "welfare_data": [
    31598.514813545764
  ],
  "labels": [
    "Eq 1"
  ],
  "best_equilibrium_welfare": 31598.514813545764,
  "worst_equilibrium_welfare": 31598.514813545764,
  "welfare_variance": 0,
  "welfare_comparison": [
    {
      "equilibrium": "Eq 1",
      "welfare": 31598.514813545764,
      "welfare_rank": 1
    }
  ]
}