{
  "welfare_data": [
    0.0,
    0.176304429769516,
    0.21292519569396973,
    4.268248558044434
  ],
  "labels": [
    "Eq 1",
    "Eq 2",
    "Eq 3",
    "Eq 4"
  ],
  "best_equilibrium_welfare": 4.268248558044434,
  "worst_equilibrium_welfare": 0.0,
  "welfare_variance": 3.21783509667575,
  "analysis_type": "role_symmetric"
}