{
  "strategy_names": [
    "MELO_0_100",
    "MELO_100_0"
  ],
  "num_strategies": 2,
  "num_players": 10,
  "payoff_matrix": [
    [
      0.4208272695541382,
      0.15784306824207306,
      -0.010947907343506813,
      -0.31378719210624695,
      1.2183047533035278,
      0.0,
      -0.44270646572113037,
      0.010857734829187393,
      0.8386893272399902,
      -0.2073059231042862,
      -0.32277461886405945
    ],
    [
      0.7140979766845703,
      -0.594367265701294,
      0.4681309163570404,
      0.07544229924678802,
      0.0,
      0.24811074137687683,
      -0.3203546702861786,
      -0.8247329592704773,
      0.9618680477142334,
      -0.8595746159553528,
      -0.7004817128181458
    ]
  ],
  "game_metadata": {
    "payoff_mean": 21819.569465645247,
    "payoff_std": 3458.9017188302273
  },
  "total_profiles_simulated": 11,
  "profiles_per_strategy_combination": {
    "[('MELO_0_100', 8), ('MELO_100_0', 2)]": 1,
    "[('MELO_0_100', 1), ('MELO_100_0', 9)]": 1,
    "[('MELO_0_100', 7), ('MELO_100_0', 3)]": 1,
    "[('MELO_0_100', 6), ('MELO_100_0', 4)]": 1,
    "[('MELO_0_100', 10)]": 1,
    "[('MELO_100_0', 10)]": 1,
    "[('MELO_0_100', 5), ('MELO_100_0', 5)]": 1,
    "[('MELO_0_100', 2), ('MELO_100_0', 8)]": 1,
    "[('MELO_0_100', 9), ('MELO_100_0', 1)]": 1,
    "[('MELO_0_100', 3), ('MELO_100_0', 7)]": 1,
    "[('MELO_0_100', 4), ('MELO_100_0', 6)]": 1
  }
}