{
  "welfare_data": [
    0.0,
    0.0,
    0.0,
    0.0,
    0.0,
    0.0,
    0.0,
    0.0,
    0.0,
    0.0,
    0.0,
    3.869167741754609e-08,
    2.4519856367533066e-08,
    1.530038753116969e-05,
    9.695897460915148e-06
  ],
  "labels": [
    "Eq 1",
    "Eq 2",
    "Eq 3",
    "Eq 4",
    "Eq 5",
    "Eq 6",
    "Eq 7",
    "Eq 8",
    "Eq 9",
    "Eq 10",
    "Eq 11",
    "Eq 12",
    "Eq 13",
    "Eq 14",
    "Eq 15"
  ],
  "best_equilibrium_welfare": 1.530038753116969e-05,
  "worst_equilibrium_welfare": 0.0,
  "welfare_variance": 1.9083277335809265e-11,
  "analysis_type": "role_symmetric"
}