{
  "welfare_data": [
    -2.794658030325081e-06,
    1.348772684650612e-06,
    1.3405714906211674e-11,
    3.3808959187808796e-08,
    2.9174001880960532e-08,
    3.280862026500131e-09,
    2.707311708149973e-08,
    6.907612970508126e-08,
    8.972070730806081e-08,
    1.9045754129365378e-07,
    4.3058903997916786e-07,
    2.146421593351988e-06,
    1.2222203622513916e-06,
    2.1271287550916895e-05,
    7.766699354760931e-07,
    1.0232682143396232e-05,
    2.000054701056797e-05,
    1.33795010697213e-05,
    2.6632771550794132e-05,
    2.8491627745097503e-05,
    2.377171222178731e-05,
    3.752280827029608e-05,
    -4.795828863279894e-05,
    -6.181983917485923e-05,
    5.0877861212939024e-05,
    6.330233009066433e-05,
    4.5016189687885344e-05,
    7.222792191896588e-05,
    0.00010858001769520342,
    0.00011248375085415319,
    2.0061093891854398e-05,
    0.00012523180339485407,
    0.000541419314686209,
    0.000216767773963511,
    0.0002124651218764484,
    0.00028286571614444256,
    0.0002237091539427638,
    0.0001640083792153746,
    0.00017501451657153666,
    0.0003807651228271425,
    0.00035310827661305666,
    0.0004020246851723641,
    0.00011196598643437028,
    0.00012131353287259117,
    0.0004299622669350356,
    0.00042288677650503814,
    0.0004717873234767467,
    0.001128834206610918,
    0.00020567674073390663,
    0.0005383488605730236,
    0.00103481812402606,
    0.0009426825563423336
  ],
  "labels": [
    "Eq 1",
    "Eq 2",
    "Eq 3",
    "Eq 4",
    "Eq 5",
    "Eq 6",
    "Eq 7",
    "Eq 8",
    "Eq 9",
    "Eq 10",
    "Eq 11",
    "Eq 12",
    "Eq 13",
    "Eq 14",
    "Eq 15",
    "Eq 16",
    "Eq 17",
    "Eq 18",
    "Eq 19",
    "Eq 20",
    "Eq 21",
    "Eq 22",
    "Eq 23",
    "Eq 24",
    "Eq 25",
    "Eq 26",
    "Eq 27",
    "Eq 28",
    "Eq 29",
    "Eq 30",
    "Eq 31",
    "Eq 32",
    "Eq 33",
    "Eq 34",
    "Eq 35",
    "Eq 36",
    "Eq 37",
    "Eq 38",
    "Eq 39",
    "Eq 40",
    "Eq 41",
    "Eq 42",
    "Eq 43",
    "Eq 44",
    "Eq 45",
    "Eq 46",
    "Eq 47",
    "Eq 48",
    "Eq 49",
    "Eq 50",
    "Eq 51",
    "Eq 52"
  ],
  "best_equilibrium_welfare": 0.001128834206610918,
  "worst_equilibrium_welfare": -6.181983917485923e-05,
  "welfare_variance": 7.075890049219916e-08,
  "analysis_type": "role_symmetric"
}