{
  "welfare_data": [
    0.0,
    0.0,
    0.0,
    0.0,
    0.0,
    0.0011898367665708065,
    0.0027240903582423925,
    0.0014764353400096297,
    0.01001749373972416,
    0.0081034479662776,
    0.004672791343182325,
    0.020665843039751053,
    0.016943421214818954,
    0.045869678258895874,
    0.03423076868057251,
    0.07898925989866257,
    0.06451340019702911,
    0.10261260718107224,
    0.14139649271965027,
    0.17019140720367432,
    0.4891755282878876,
    1.2195271253585815,
    7.909237861633301,
    5.991316318511963
  ],
  "labels": [
    "Eq 1",
    "Eq 2",
    "Eq 3",
    "Eq 4",
    "Eq 5",
    "Eq 6",
    "Eq 7",
    "Eq 8",
    "Eq 9",
    "Eq 10",
    "Eq 11",
    "Eq 12",
    "Eq 13",
    "Eq 14",
    "Eq 15",
    "Eq 16",
    "Eq 17",
    "Eq 18",
    "Eq 19",
    "Eq 20",
    "Eq 21",
    "Eq 22",
    "Eq 23",
    "Eq 24"
  ],
  "best_equilibrium_welfare": 7.909237861633301,
  "worst_equilibrium_welfare": 0.0,
  "welfare_variance": 3.7151936704233237,
  "analysis_type": "role_symmetric"
}