{
  "welfare_data": [
    0.24370445311069489,
    0.23174279928207397,
    0.23165223002433777,
    11.204268455505371
  ],
  "labels": [
    "Eq 1",
    "Eq 2",
    "Eq 3",
    "Eq 4"
  ],
  "best_equilibrium_welfare": 11.204268455505371,
  "worst_equilibrium_welfare": 0.23165223002433777,
  "welfare_variance": 22.558054856512786,
  "analysis_type": "role_symmetric"
}