equilibrium_id,regret,welfare,mixture_dict,mixture_vector,support,support_size,is_pure_strategy,dominant_strategy,dominant_probability
1,0.0,27075.42911099243,"{'MELO_0_100': 1.0, 'MELO_100_0': 0.0}","[1.0, 0.0]",['MELO_0_100'],1,True,MELO_0_100,1.0
2,0.0,22072.233303466797,"{'MELO_0_100': 0.0, 'MELO_100_0': 1.0}","[0.0, 1.0]",['MELO_100_0'],1,True,MELO_100_0,1.0
3,6.271246820688248e-05,21196.647669860024,"{'MELO_0_100': 0.4645635187625885, 'MELO_100_0': 0.5354364514350891}","[0.4645635187625885, 0.5354364514350891]","['MELO_0_100', 'MELO_100_0']",2,False,MELO_100_0,0.5354364514350891
4,0.0003464818000793457,22054.03889293878,"{'MELO_0_100': 0.0071280337870121, 'MELO_100_0': 0.9928719997406006}","[0.0071280337870121, 0.9928719997406006]","['MELO_0_100', 'MELO_100_0']",2,True,MELO_100_0,0.9928719997406006
