{
  "welfare_data": [
    0.0,
    0.0,
    0.0,
    0.006391273345798254,
    0.03278838098049164,
    0.05369991064071655,
    0.13209402561187744,
    0.49578559398651123,
    2.120631456375122,
    7.192246913909912,
    3.9652059078216553,
    2.726841688156128,
    24.792112350463867,
    5.1790337562561035,
    40.87273025512695,
    12.34570026397705,
    11.424965858459473,
    14.703211784362793,
    53.652061462402344
  ],
  "labels": [
    "Eq 1",
    "Eq 2",
    "Eq 3",
    "Eq 4",
    "Eq 5",
    "Eq 6",
    "Eq 7",
    "Eq 8",
    "Eq 9",
    "Eq 10",
    "Eq 11",
    "Eq 12",
    "Eq 13",
    "Eq 14",
    "Eq 15",
    "Eq 16",
    "Eq 17",
    "Eq 18",
    "Eq 19"
  ],
  "best_equilibrium_welfare": 53.652061462402344,
  "worst_equilibrium_welfare": 0.0,
  "welfare_variance": 214.20412039936517,
  "analysis_type": "role_symmetric"
}