{
  "welfare_data": [
    0.0004451426793821156,
    0.0015235127648338675,
    0.00034079785109497607
  ],
  "labels": [
    "Eq 1",
    "Eq 2",
    "Eq 3"
  ],
  "best_equilibrium_welfare": 0.0015235127648338675,
  "worst_equilibrium_welfare": 0.00034079785109497607,
  "welfare_variance": 2.858427168408761e-07,
  "analysis_type": "role_symmetric"
}