{
  "welfare_data": [
    2.109853085130453e-06,
    0.0029560059774667025,
    0.0051133474335074425,
    0.0,
    0.19623889029026031,
    0.23656505346298218,
    0.23335090279579163,
    0.004646194167435169,
    0.011440233327448368,
    0.031084638088941574,
    0.12027807533740997,
    13.027229309082031,
    4.595093727111816,
    3.106740951538086,
    41.032249450683594,
    18.787076950073242,
    17.45278549194336,
    95.83845520019531,
    134.0291748046875,
    34.07084655761719
  ],
  "labels": [
    "Eq 1",
    "Eq 2",
    "Eq 3",
    "Eq 4",
    "Eq 5",
    "Eq 6",
    "Eq 7",
    "Eq 8",
    "Eq 9",
    "Eq 10",
    "Eq 11",
    "Eq 12",
    "Eq 13",
    "Eq 14",
    "Eq 15",
    "Eq 16",
    "Eq 17",
    "Eq 18",
    "Eq 19",
    "Eq 20"
  ],
  "best_equilibrium_welfare": 134.0291748046875,
  "worst_equilibrium_welfare": 0.0,
  "welfare_variance": 1213.548831871276,
  "analysis_type": "role_symmetric"
}