{
  "welfare_data": [
    0.00011143907613586634
  ],
  "labels": [
    "Eq 1"
  ],
  "best_equilibrium_welfare": 0.00011143907613586634,
  "worst_equilibrium_welfare": 0.00011143907613586634,
  "welfare_variance": 0,
  "analysis_type": "role_symmetric"
}