{
  "welfare_data": [
    8.247045570897171e-07,
    0.0026910905726253986,
    0.00507236598059535,
    0.0,
    0.18999755382537842,
    0.2251233458518982,
    0.21890340745449066,
    0.00021567297517322004,
    0.006304385606199503,
    0.013204426504671574,
    0.03063015267252922,
    0.10424722731113434,
    4.450861930847168,
    2.692669153213501,
    11.294227600097656,
    50.437191009521484,
    113.56282806396484,
    17.034198760986328,
    34.1119384765625,
    16.283113479614258,
    132.1152801513672
  ],
  "labels": [
    "Eq 1",
    "Eq 2",
    "Eq 3",
    "Eq 4",
    "Eq 5",
    "Eq 6",
    "Eq 7",
    "Eq 8",
    "Eq 9",
    "Eq 10",
    "Eq 11",
    "Eq 12",
    "Eq 13",
    "Eq 14",
    "Eq 15",
    "Eq 16",
    "Eq 17",
    "Eq 18",
    "Eq 19",
    "Eq 20",
    "Eq 21"
  ],
  "best_equilibrium_welfare": 132.1152801513672,
  "worst_equilibrium_welfare": 0.0,
  "welfare_variance": 1323.4022779263858,
  "analysis_type": "role_symmetric"
}