{
  "welfare_data": [
    0.0,
    0.21781611442565918
  ],
  "labels": [
    "Eq 1",
    "Eq 2"
  ],
  "best_equilibrium_welfare": 0.21781611442565918,
  "worst_equilibrium_welfare": 0.0,
  "welfare_variance": 0.011860964925872963,
  "analysis_type": "role_symmetric"
}