{
  "welfare_data": [
    2.1078958525322378e-06,
    0.0028626061975955963,
    0.006152196321636438,
    0.0,
    0.24356317520141602,
    0.23092807829380035,
    0.23242424428462982
  ],
  "labels": [
    "Eq 1",
    "Eq 2",
    "Eq 3",
    "Eq 4",
    "Eq 5",
    "Eq 6",
    "Eq 7"
  ],
  "best_equilibrium_welfare": 0.24356317520141602,
  "worst_equilibrium_welfare": 0.0,
  "welfare_variance": 0.013356446614156707,
  "analysis_type": "role_symmetric"
}