{
  "welfare_data": [
    -0.39609718322753906,
    -0.12936252355575562
  ],
  "labels": [
    "Eq 1",
    "Eq 2"
  ],
  "best_equilibrium_welfare": -0.12936252355575562,
  "worst_equilibrium_welfare": -0.39609718322753906,
  "welfare_variance": 0.017786844667555535,
  "analysis_type": "role_symmetric"
}