{
  "welfare_data": [
    -3.406127234484302e-06,
    1.4575823570339708e-06,
    1.3863681903869551e-11,
    3.2803534111280896e-08,
    4.40108003374462e-08,
    7.446081440320995e-08,
    4.017909915887685e-08,
    2.0468002048801281e-07,
    1.222765177999463e-07,
    1.6660905544085836e-07,
    3.546905645634979e-06,
    7.34074546926422e-07,
    3.813684543274576e-06,
    3.842427531708381e-07,
    8.342963724317087e-07,
    -1.5052708022267325e-06,
    1.6510301747985068e-07,
    1.0432481758471113e-05,
    3.0680023428431014e-06,
    1.2757892363879364e-05,
    8.488499588565901e-06,
    4.509023256105138e-06,
    1.0508799277886283e-05,
    1.1448918257883633e-06,
    1.7985068552661687e-05,
    2.2314830857794732e-05,
    2.2024771169526502e-05,
    2.8520540581666864e-05,
    3.4488231904106215e-05,
    5.726723247789778e-05,
    0.00012399812112562358,
    2.9572151106549427e-05,
    0.00022970171994529665,
    0.0001745211484376341,
    0.00036156142596155405,
    0.00021463817392941564,
    0.00043819472193717957,
    0.00022101429931353778,
    0.0012317611835896969,
    0.0009892911184579134,
    0.0026815570890903473,
    0.0001788287190720439,
    0.00017129650223068893,
    0.004338264465332031,
    0.0006319418898783624,
    0.0011932930210605264,
    0.0016311113722622395,
    0.0003495209675747901,
    0.0021226818207651377,
    0.00040091987466439605,
    0.0013741072034463286,
    0.000828081218060106
  ],
  "labels": [
    "Eq 1",
    "Eq 2",
    "Eq 3",
    "Eq 4",
    "Eq 5",
    "Eq 6",
    "Eq 7",
    "Eq 8",
    "Eq 9",
    "Eq 10",
    "Eq 11",
    "Eq 12",
    "Eq 13",
    "Eq 14",
    "Eq 15",
    "Eq 16",
    "Eq 17",
    "Eq 18",
    "Eq 19",
    "Eq 20",
    "Eq 21",
    "Eq 22",
    "Eq 23",
    "Eq 24",
    "Eq 25",
    "Eq 26",
    "Eq 27",
    "Eq 28",
    "Eq 29",
    "Eq 30",
    "Eq 31",
    "Eq 32",
    "Eq 33",
    "Eq 34",
    "Eq 35",
    "Eq 36",
    "Eq 37",
    "Eq 38",
    "Eq 39",
    "Eq 40",
    "Eq 41",
    "Eq 42",
    "Eq 43",
    "Eq 44",
    "Eq 45",
    "Eq 46",
    "Eq 47",
    "Eq 48",
    "Eq 49",
    "Eq 50",
    "Eq 51",
    "Eq 52"
  ],
  "best_equilibrium_welfare": 0.004338264465332031,
  "worst_equilibrium_welfare": -3.406127234484302e-06,
  "welfare_variance": 6.370450943552828e-07,
  "analysis_type": "role_symmetric"
}