{
  "welfare_data": [
    -5.181130291020963e-06
  ],
  "labels": [
    "Eq 1"
  ],
  "best_equilibrium_welfare": -5.181130291020963e-06,
  "worst_equilibrium_welfare": -5.181130291020963e-06,
  "welfare_variance": 0,
  "analysis_type": "role_symmetric"
}