{
  "welfare_data": [
    8.686907335686556e-07,
    0.0025911040138453245,
    0.0050974199548363686,
    0.0,
    0.17603257298469543,
    0.21525441110134125,
    0.21881285309791565
  ],
  "labels": [
    "Eq 1",
    "Eq 2",
    "Eq 3",
    "Eq 4",
    "Eq 5",
    "Eq 6",
    "Eq 7"
  ],
  "best_equilibrium_welfare": 0.21881285309791565,
  "worst_equilibrium_welfare": 0.0,
  "welfare_variance": 0.010101475522114252,
  "analysis_type": "role_symmetric"
}