{
  "welfare_data": [
    3.118602535323589e-06,
    -6.040338121238165e-06
  ],
  "labels": [
    "Eq 1",
    "Eq 2"
  ],
  "best_equilibrium_welfare": 3.118602535323589e-06,
  "worst_equilibrium_welfare": -6.040338121238165e-06,
  "welfare_variance": 2.0971548487604962e-11,
  "analysis_type": "role_symmetric"
}