{
  "welfare_data": [
    1.71924159531045e-06
  ],
  "labels": [
    "Eq 1"
  ],
  "best_equilibrium_welfare": 1.71924159531045e-06,
  "worst_equilibrium_welfare": 1.71924159531045e-06,
  "welfare_variance": 0,
  "analysis_type": "role_symmetric"
}