{
  "welfare_data": [
    4473.66357421875,
    3739.17529296875
  ],
  "labels": [
    "Eq 1",
    "Eq 2"
  ],
  "best_equilibrium_welfare": 4473.66357421875,
  "worst_equilibrium_welfare": 3739.17529296875,
  "welfare_variance": 134868.25882339478,
  "analysis_type": "role_symmetric"
}