{
  "welfare_data": [
    0.2260192334651947,
    0.0,
    373.79547119140625
  ],
  "labels": [
    "Eq 1",
    "Eq 2",
    "Eq 3"
  ],
  "best_equilibrium_welfare": 373.79547119140625,
  "worst_equilibrium_welfare": 0.0,
  "welfare_variance": 31030.804533783976,
  "analysis_type": "role_symmetric"
}