{
  "strategy_names": [
    "MELO_0_100",
    "MELO_100_0"
  ],
  "num_strategies": 2,
  "num_players": 10,
  "payoff_matrix": [
    [
      -2.488535165786743,
      -0.4868672490119934,
      -1.7824217081069946,
      -1.3645435571670532,
      0.0,
      -0.3816665709018707,
      -1.0945425033569336,
      -0.5760225057601929,
      -3.9831862449645996,
      -0.6917402744293213,
      -0.8828772306442261
    ],
    [
      0.7861340641975403,
      1.4610369205474854,
      0.8347895741462708,
      0.9394967555999756,
      0.6633573174476624,
      0.0,
      1.0062793493270874,
      1.3522471189498901,
      0.720980167388916,
      1.233330249786377,
      1.098902702331543
    ]
  ],
  "game_metadata": {
    "payoff_mean": 27049.262856362493,
    "payoff_std": 6790.860746011929
  },
  "total_profiles_simulated": 11,
  "profiles_per_strategy_combination": {
    "[('MELO_0_100', 2), ('MELO_100_0', 8)]": 1,
    "[('MELO_0_100', 9), ('MELO_100_0', 1)]": 1,
    "[('MELO_0_100', 3), ('MELO_100_0', 7)]": 1,
    "[('MELO_0_100', 4), ('MELO_100_0', 6)]": 1,
    "[('MELO_100_0', 10)]": 1,
    "[('MELO_0_100', 10)]": 1,
    "[('MELO_0_100', 5), ('MELO_100_0', 5)]": 1,
    "[('MELO_0_100', 8), ('MELO_100_0', 2)]": 1,
    "[('MELO_0_100', 1), ('MELO_100_0', 9)]": 1,
    "[('MELO_0_100', 7), ('MELO_100_0', 3)]": 1,
    "[('MELO_0_100', 6), ('MELO_100_0', 4)]": 1
  }
}