{
  "welfare_data": [
    31554.029980281375
  ],
  "labels": [
    "Eq 1"
  ],
  "best_equilibrium_welfare": 31554.029980281375,
  "worst_equilibrium_welfare": 31554.029980281375,
  "welfare_variance": 0,
  "welfare_comparison": [
    {
      "equilibrium": "Eq 1",
      "welfare": 31554.029980281375,
      "welfare_rank": 1
    }
  ]
}