{
  "strategy_names": [
    "MELO_0_100",
    "MELO_100_0"
  ],
  "num_strategies": 2,
  "num_players": 10,
  "payoff_matrix": [
    [
      -0.20138691365718842,
      -0.5589900016784668,
      0.4615931808948517,
      -0.6490347385406494,
      1.0130267143249512,
      0.0,
      -0.5562260150909424,
      -0.23739193379878998,
      0.4167273938655853,
      -0.032463058829307556,
      -0.2605513632297516
    ],
    [
      1.525620460510254,
      -0.5907395482063293,
      0.018444227054715157,
      0.5987411737442017,
      0.0,
      0.029481884092092514,
      0.08777639269828796,
      -0.3904613256454468,
      2.5897881984710693,
      -0.6620074510574341,
      -0.40046533942222595
    ]
  ],
  "game_metadata": {
    "payoff_mean": 24312.257565432465,
    "payoff_std": 7718.551010369519
  },
  "total_profiles_simulated": 11,
  "profiles_per_strategy_combination": {
    "[('MELO_0_100', 8), ('MELO_100_0', 2)]": 1,
    "[('MELO_0_100', 1), ('MELO_100_0', 9)]": 1,
    "[('MELO_0_100', 7), ('MELO_100_0', 3)]": 1,
    "[('MELO_0_100', 6), ('MELO_100_0', 4)]": 1,
    "[('MELO_0_100', 10)]": 1,
    "[('MELO_100_0', 10)]": 1,
    "[('MELO_0_100', 5), ('MELO_100_0', 5)]": 1,
    "[('MELO_0_100', 2), ('MELO_100_0', 8)]": 1,
    "[('MELO_0_100', 9), ('MELO_100_0', 1)]": 1,
    "[('MELO_0_100', 3), ('MELO_100_0', 7)]": 1,
    "[('MELO_0_100', 4), ('MELO_100_0', 6)]": 1
  }
}