{
  "welfare_data": [
    0.0005998355918563902,
    0.0005998355918563902
  ],
  "labels": [
    "Eq 1",
    "Eq 2"
  ],
  "best_equilibrium_welfare": 0.0005998355918563902,
  "worst_equilibrium_welfare": 0.0005998355918563902,
  "welfare_variance": 0.0,
  "analysis_type": "role_symmetric"
}