{
  "welfare_data": [
    0.0,
    -1.2718880393336462e-09,
    1.7726924852468073e-06,
    -2.617323843878694e-06,
    -1.0131328963325359e-05,
    0.0007284547318704426
  ],
  "labels": [
    "Eq 1",
    "Eq 2",
    "Eq 3",
    "Eq 4",
    "Eq 5",
    "Eq 6"
  ],
  "best_equilibrium_welfare": 0.0007284547318704426,
  "worst_equilibrium_welfare": -1.0131328963325359e-05,
  "welfare_variance": 7.416054543592268e-08,
  "analysis_type": "role_symmetric"
}