{
  "welfare_data": [
    8.789834282652009e-07,
    0.0029017894994467497,
    0.005178146064281464,
    0.0,
    0.18685382604599,
    0.21542754769325256,
    0.21489837765693665,
    0.005391082260757685,
    0.04098442196846008,
    0.014273581095039845,
    0.11259391158819199
  ],
  "labels": [
    "Eq 1",
    "Eq 2",
    "Eq 3",
    "Eq 4",
    "Eq 5",
    "Eq 6",
    "Eq 7",
    "Eq 8",
    "Eq 9",
    "Eq 10",
    "Eq 11"
  ],
  "best_equilibrium_welfare": 0.21542754769325256,
  "worst_equilibrium_welfare": 0.0,
  "welfare_variance": 0.0076514072178530375,
  "analysis_type": "role_symmetric"
}