{
  "welfare_data": [
    9.630619751987979e-05
  ],
  "labels": [
    "Eq 1"
  ],
  "best_equilibrium_welfare": 9.630619751987979e-05,
  "worst_equilibrium_welfare": 9.630619751987979e-05,
  "welfare_variance": 0,
  "analysis_type": "role_symmetric"
}