{
  "welfare_data": [
    0.2382516860961914,
    0.0
  ],
  "labels": [
    "Eq 1",
    "Eq 2"
  ],
  "best_equilibrium_welfare": 0.2382516860961914,
  "worst_equilibrium_welfare": 0.0,
  "welfare_variance": 0.014190966481919531,
  "analysis_type": "role_symmetric"
}