{
  "metadata": {
    "game_type": "role_symmetric",
    "num_profiles": 90,
    "payoff_mean": 13844.000149711243,
    "payoff_std": 55237.2414801466
  },
  "is_role_symmetric": true,
  "strategy_names": [
    "MOBI_0_100_shade0_0",
    "MOBI_100_0_shade0_1000",
    "MOBI_100_0_shade0_250",
    "MOBI_100_0_shade0_500",
    "MOBI_100_0_shade250_500",
    "ZI_0_100_shade0_1000",
    "ZI_0_100_shade0_500",
    "ZI_0_100_shade250_500",
    "ZI_100_0_shade0_1000",
    "ZI_100_0_shade0_500",
    "ZI_100_0_shade250_500"
  ],
  "num_players": 68,
  "num_strategies": 11,
  "role_names": [
    "MOBI",
    "ZI"
  ],
  "num_players_per_role": [
    28,
    40
  ],
  "strategy_names_per_role": [
    [
      "MOBI_0_100_shade0_0",
      "MOBI_100_0_shade0_1000",
      "MOBI_100_0_shade0_250",
      "MOBI_100_0_shade0_500",
      "MOBI_100_0_shade250_500"
    ],
    [
      "ZI_0_100_shade0_1000",
      "ZI_0_100_shade0_500",
      "ZI_0_100_shade250_500",
      "ZI_100_0_shade0_1000",
      "ZI_100_0_shade0_500",
      "ZI_100_0_shade250_500"
    ]
  ]
}