{
  "welfare_data": [
    1.1337177738823812e-06,
    2.1495325199794024e-06,
    1.9189926661056234e-06,
    1.3349763605674525e-07,
    2.07266225515923e-07,
    0.0,
    0.3417048752307892,
    0.31267261505126953,
    0.3137960433959961,
    0.31364259123802185,
    0.3237098753452301,
    0.0,
    0.2474174201488495,
    9.757963198353536e-06,
    1.1609885319785462e-07,
    0.03125925362110138,
    5.632476813843823e-07,
    1.004018372441351e-06
  ],
  "labels": [
    "Eq 1",
    "Eq 2",
    "Eq 3",
    "Eq 4",
    "Eq 5",
    "Eq 6",
    "Eq 7",
    "Eq 8",
    "Eq 9",
    "Eq 10",
    "Eq 11",
    "Eq 12",
    "Eq 13",
    "Eq 14",
    "Eq 15",
    "Eq 16",
    "Eq 17",
    "Eq 18"
  ],
  "best_equilibrium_welfare": 0.3417048752307892,
  "worst_equilibrium_welfare": 0.0,
  "welfare_variance": 0.021172702087929433,
  "analysis_type": "role_symmetric"
}