{
  "strategy_names": [
    "MELO_0_100",
    "MELO_100_0"
  ],
  "num_strategies": 2,
  "num_players": 10,
  "payoff_matrix": [
    [
      -2.863428831100464,
      1.1323940753936768,
      -1.4700016975402832,
      -0.6379780173301697,
      0.0,
      1.3506851196289062,
      -0.09855404496192932,
      0.9088189601898193,
      -5.927319526672363,
      0.6512740850448608,
      0.2902277112007141
    ],
    [
      -0.2085047960281372,
      -0.5032071471214294,
      -0.3734884560108185,
      -0.5008639097213745,
      0.03508433699607849,
      0.0,
      -0.6082671284675598,
      -0.7923202514648438,
      -0.08798655867576599,
      -0.7558563947677612,
      -0.7587352991104126
    ]
  ],
  "game_metadata": {
    "payoff_mean": 22647.915201147924,
    "payoff_std": 3820.9371713238593
  },
  "total_profiles_simulated": 11,
  "profiles_per_strategy_combination": {
    "[('MELO_0_100', 2), ('MELO_100_0', 8)]": 1,
    "[('MELO_0_100', 9), ('MELO_100_0', 1)]": 1,
    "[('MELO_0_100', 3), ('MELO_100_0', 7)]": 1,
    "[('MELO_0_100', 4), ('MELO_100_0', 6)]": 1,
    "[('MELO_100_0', 10)]": 1,
    "[('MELO_0_100', 10)]": 1,
    "[('MELO_0_100', 5), ('MELO_100_0', 5)]": 1,
    "[('MELO_0_100', 8), ('MELO_100_0', 2)]": 1,
    "[('MELO_0_100', 1), ('MELO_100_0', 9)]": 1,
    "[('MELO_0_100', 7), ('MELO_100_0', 3)]": 1,
    "[('MELO_0_100', 6), ('MELO_100_0', 4)]": 1
  }
}