{
  "welfare_data": [
    31924.638671875,
    30347.65625,
    5923.39697265625
  ],
  "labels": [
    "Eq 1",
    "Eq 2",
    "Eq 3"
  ],
  "best_equilibrium_welfare": 31924.638671875,
  "worst_equilibrium_welfare": 5923.39697265625,
  "welfare_variance": 141677320.52300078,
  "analysis_type": "role_symmetric"
}