{
  "welfare_data": [
    2.179226157750236e-06,
    0.002856580773368478,
    0.006026652175933123,
    0.0,
    0.21732836961746216,
    0.2251047044992447,
    0.24076180160045624
  ],
  "labels": [
    "Eq 1",
    "Eq 2",
    "Eq 3",
    "Eq 4",
    "Eq 5",
    "Eq 6",
    "Eq 7"
  ],
  "best_equilibrium_welfare": 0.24076180160045624,
  "worst_equilibrium_welfare": 0.0,
  "welfare_variance": 0.012498493727389327,
  "analysis_type": "role_symmetric"
}