{
  "welfare_data": [
    -1.6686683466105023e-06,
    6.707694524266117e-07
  ],
  "labels": [
    "Eq 1",
    "Eq 2"
  ],
  "best_equilibrium_welfare": 6.707694524266117e-07,
  "worst_equilibrium_welfare": -1.6686683466105023e-06,
  "welfare_variance": 1.368242303890904e-12,
  "analysis_type": "role_symmetric"
}