{
  "strategy_names": [
    "MELO_0_100",
    "MELO_100_0"
  ],
  "num_strategies": 2,
  "num_players": 10,
  "payoff_matrix": [
    [
      -1.3217512369155884,
      1.094104528427124,
      -0.5151784420013428,
      0.16809673607349396,
      0.0,
      1.0219178199768066,
      0.07359567284584045,
      0.9679372906684875,
      -3.514007806777954,
      0.31669387221336365,
      0.31977906823158264
    ],
    [
      -0.5576472282409668,
      0.5000092387199402,
      -0.379396915435791,
      -0.4351101517677307,
      -0.6104325652122498,
      0.0,
      -0.28014087677001953,
      -0.5765286684036255,
      -0.4005315899848938,
      -0.6565616726875305,
      -0.4555760622024536
    ]
  ],
  "game_metadata": {
    "payoff_mean": 23980.386607887966,
    "payoff_std": 6824.226697155274
  },
  "total_profiles_simulated": 11,
  "profiles_per_strategy_combination": {
    "[('MELO_0_100', 2), ('MELO_100_0', 8)]": 1,
    "[('MELO_0_100', 9), ('MELO_100_0', 1)]": 1,
    "[('MELO_0_100', 3), ('MELO_100_0', 7)]": 1,
    "[('MELO_0_100', 4), ('MELO_100_0', 6)]": 1,
    "[('MELO_100_0', 10)]": 1,
    "[('MELO_0_100', 10)]": 1,
    "[('MELO_0_100', 5), ('MELO_100_0', 5)]": 1,
    "[('MELO_0_100', 8), ('MELO_100_0', 2)]": 1,
    "[('MELO_0_100', 1), ('MELO_100_0', 9)]": 1,
    "[('MELO_0_100', 7), ('MELO_100_0', 3)]": 1,
    "[('MELO_0_100', 6), ('MELO_100_0', 4)]": 1
  }
}