{
  "welfare_data": [
    0.0,
    9.549943946751682e-09,
    2.5107732426477014e-07,
    2.7805258469015826e-06,
    2.3254358438862255e-06,
    -2.3608804440300446e-06,
    6.985274376347661e-05,
    -0.0009130006073974073,
    0.00017704506171867251,
    0.0005127558833919466
  ],
  "labels": [
    "Eq 1",
    "Eq 2",
    "Eq 3",
    "Eq 4",
    "Eq 5",
    "Eq 6",
    "Eq 7",
    "Eq 8",
    "Eq 9",
    "Eq 10"
  ],
  "best_equilibrium_welfare": 0.0005127558833919466,
  "worst_equilibrium_welfare": -0.0009130006073974073,
  "welfare_variance": 1.1304715926720116e-07,
  "analysis_type": "role_symmetric"
}