{
  "welfare_data": [
    0.0,
    0.0,
    0.0,
    0.0,
    1.5764852531047202e-13,
    6.079638181777369e-11,
    -6.113580752753478e-09,
    1.9578908450057497e-07,
    -3.4059253266605083e-06,
    9.033723472384736e-06,
    3.962162736570463e-06,
    -2.0078923625987954e-06,
    0.0010043543297797441,
    -0.000681888428516686
  ],
  "labels": [
    "Eq 1",
    "Eq 2",
    "Eq 3",
    "Eq 4",
    "Eq 5",
    "Eq 6",
    "Eq 7",
    "Eq 8",
    "Eq 9",
    "Eq 10",
    "Eq 11",
    "Eq 12",
    "Eq 13",
    "Eq 14"
  ],
  "best_equilibrium_welfare": 0.0010043543297797441,
  "worst_equilibrium_welfare": -0.000681888428516686,
  "welfare_variance": 1.0471590316424911e-07,
  "analysis_type": "role_symmetric"
}