{
  "welfare_data": [
    0.0032208533957600594
  ],
  "labels": [
    "Eq 1"
  ],
  "best_equilibrium_welfare": 0.0032208533957600594,
  "worst_equilibrium_welfare": 0.0032208533957600594,
  "welfare_variance": 0,
  "analysis_type": "role_symmetric"
}