{
  "welfare_data": [
    0.0,
    0.24556002020835876,
    1325.2598876953125,
    5189.2529296875,
    3377.4658203125,
    1709.869873046875,
    3298.94384765625,
    3565.172119140625,
    3062.497802734375,
    1644.9649658203125,
    2483.79296875,
    2548.4287109375,
    3120.1328125,
    3399.271728515625,
    3937.701904296875,
    3140.165771484375,
    3588.19775390625,
    4280.390625,
    4082.9140625,
    4308.52587890625,
    3425.549560546875,
    3212.429931640625,
    5370.5078125
  ],
  "labels": [
    "Eq 1",
    "Eq 2",
    "Eq 3",
    "Eq 4",
    "Eq 5",
    "Eq 6",
    "Eq 7",
    "Eq 8",
    "Eq 9",
    "Eq 10",
    "Eq 11",
    "Eq 12",
    "Eq 13",
    "Eq 14",
    "Eq 15",
    "Eq 16",
    "Eq 17",
    "Eq 18",
    "Eq 19",
    "Eq 20",
    "Eq 21",
    "Eq 22",
    "Eq 23"
  ],
  "best_equilibrium_welfare": 5370.5078125,
  "worst_equilibrium_welfare": 0.0,
  "welfare_variance": 1820039.8653555992,
  "analysis_type": "role_symmetric"
}