{
  "strategy_names": [
    "MELO_0_100",
    "MELO_100_0"
  ],
  "num_strategies": 2,
  "num_players": 10,
  "payoff_matrix": [
    [
      -2.319312810897827,
      -0.5398308634757996,
      -1.740036129951477,
      -1.346895456314087,
      0.0,
      -0.4446202516555786,
      -1.1011865139007568,
      -0.6367949843406677,
      -3.6377320289611816,
      -0.7720160484313965,
      -0.9070354700088501
    ],
    [
      0.8168603777885437,
      1.4185314178466797,
      0.890602707862854,
      0.9609838724136353,
      0.6946206092834473,
      0.0,
      1.0356652736663818,
      1.286331295967102,
      0.7672621607780457,
      1.2209583520889282,
      1.1040947437286377
    ]
  ],
  "game_metadata": {
    "payoff_mean": 26489.783135459857,
    "payoff_std": 7281.95001987224
  },
  "total_profiles_simulated": 11,
  "profiles_per_strategy_combination": {
    "[('MELO_0_100', 2), ('MELO_100_0', 8)]": 1,
    "[('MELO_0_100', 9), ('MELO_100_0', 1)]": 1,
    "[('MELO_0_100', 3), ('MELO_100_0', 7)]": 1,
    "[('MELO_0_100', 4), ('MELO_100_0', 6)]": 1,
    "[('MELO_100_0', 10)]": 1,
    "[('MELO_0_100', 10)]": 1,
    "[('MELO_0_100', 5), ('MELO_100_0', 5)]": 1,
    "[('MELO_0_100', 8), ('MELO_100_0', 2)]": 1,
    "[('MELO_0_100', 1), ('MELO_100_0', 9)]": 1,
    "[('MELO_0_100', 7), ('MELO_100_0', 3)]": 1,
    "[('MELO_0_100', 6), ('MELO_100_0', 4)]": 1
  }
}