{
  "welfare_data": [
    31547.975718005328
  ],
  "labels": [
    "Eq 1"
  ],
  "best_equilibrium_welfare": 31547.975718005328,
  "worst_equilibrium_welfare": 31547.975718005328,
  "welfare_variance": 0,
  "welfare_comparison": [
    {
      "equilibrium": "Eq 1",
      "welfare": 31547.975718005328,
      "welfare_rank": 1
    }
  ]
}