{
  "welfare_data": [
    -3.238035333197331e-06,
    1.7493883888164419e-06,
    1.551144455935738e-11,
    4.4089951245496195e-08,
    -2.1493290702778722e-08,
    1.3635080620133522e-08,
    5.218758474256902e-07,
    5.856671123183332e-06,
    5.062698846813873e-07,
    1.5171207451203372e-05,
    4.738374173030024e-06,
    1.7553165889694355e-05,
    2.2009782696841285e-05,
    6.335149464575807e-06,
    0.00019631064787972718,
    0.00046022029710002244,
    0.00015685938706155866,
    2.4418404791504145e-05,
    8.186975173885003e-05,
    0.0001640388509258628,
    3.627733894973062e-05,
    0.000561045715585351
  ],
  "labels": [
    "Eq 1",
    "Eq 2",
    "Eq 3",
    "Eq 4",
    "Eq 5",
    "Eq 6",
    "Eq 7",
    "Eq 8",
    "Eq 9",
    "Eq 10",
    "Eq 11",
    "Eq 12",
    "Eq 13",
    "Eq 14",
    "Eq 15",
    "Eq 16",
    "Eq 17",
    "Eq 18",
    "Eq 19",
    "Eq 20",
    "Eq 21",
    "Eq 22"
  ],
  "best_equilibrium_welfare": 0.000561045715585351,
  "worst_equilibrium_welfare": -3.238035333197331e-06,
  "welfare_variance": 2.2127615689961157e-08,
  "analysis_type": "role_symmetric"
}