{
  "welfare_data": [
    0.0,
    0.0,
    3.060039489355404e-06
  ],
  "labels": [
    "Eq 1",
    "Eq 2",
    "Eq 3"
  ],
  "best_equilibrium_welfare": 3.060039489355404e-06,
  "worst_equilibrium_welfare": 0.0,
  "welfare_variance": 2.080853705869885e-12,
  "analysis_type": "role_symmetric"
}