{
  "welfare_data": [
    5.520383297152875e-07,
    -1.6535645954718348e-06
  ],
  "labels": [
    "Eq 1",
    "Eq 2"
  ],
  "best_equilibrium_welfare": 5.520383297152875e-07,
  "worst_equilibrium_welfare": -1.6535645954718348e-06,
  "welfare_variance": 1.2161710658984977e-12,
  "analysis_type": "role_symmetric"
}