{
  "welfare_data": [
    2.907921441419603e-07
  ],
  "labels": [
    "Eq 1"
  ],
  "best_equilibrium_welfare": 2.907921441419603e-07,
  "worst_equilibrium_welfare": 2.907921441419603e-07,
  "welfare_variance": 0,
  "analysis_type": "role_symmetric"
}