{
  "welfare_data": [
    0.0,
    29379.61328125,
    1314.634521484375
  ],
  "labels": [
    "Eq 1",
    "Eq 2",
    "Eq 3"
  ],
  "best_equilibrium_welfare": 29379.61328125,
  "worst_equilibrium_welfare": 0.0,
  "welfare_variance": 183614774.80744174,
  "analysis_type": "role_symmetric"
}