{
  "welfare_data": [
    2.031547637670883e-06,
    0.0026662927120923996,
    0.006131395697593689,
    0.0,
    0.24124738574028015,
    0.22814305126667023,
    0.22329595685005188,
    1.1348531188559718e-05,
    220.11289978027344,
    0.24214133620262146,
    2453.034912109375,
    14.302753448486328,
    7.872147762100212e-06
  ],
  "labels": [
    "Eq 1",
    "Eq 2",
    "Eq 3",
    "Eq 4",
    "Eq 5",
    "Eq 6",
    "Eq 7",
    "Eq 8",
    "Eq 9",
    "Eq 10",
    "Eq 11",
    "Eq 12",
    "Eq 13"
  ],
  "best_equilibrium_welfare": 2453.034912109375,
  "worst_equilibrium_welfare": 0.0,
  "welfare_variance": 423852.0023178211,
  "analysis_type": "role_symmetric"
}