{
  "welfare_data": [
    0.0,
    0.0,
    0.0,
    0.0058760573156178,
    0.03014655038714409,
    0.04943101853132248,
    0.11550526320934296,
    0.464494526386261,
    2.1169211864471436,
    7.160642623901367,
    2.6547796726226807,
    5.098346710205078,
    3.603023052215576,
    12.184032440185547,
    10.09716796875
  ],
  "labels": [
    "Eq 1",
    "Eq 2",
    "Eq 3",
    "Eq 4",
    "Eq 5",
    "Eq 6",
    "Eq 7",
    "Eq 8",
    "Eq 9",
    "Eq 10",
    "Eq 11",
    "Eq 12",
    "Eq 13",
    "Eq 14",
    "Eq 15"
  ],
  "best_equilibrium_welfare": 12.184032440185547,
  "worst_equilibrium_welfare": 0.0,
  "welfare_variance": 15.053219919531484,
  "analysis_type": "role_symmetric"
}