{
  "welfare_data": [
    0.0,
    -1.3482110766064714e-14,
    2.8142364740663117e-13,
    3.1644005193953717e-09,
    -1.0034465276476112e-06,
    -1.8855094822356477e-05,
    -4.960049409419298e-05,
    -7.690649363212287e-05,
    5.598244388238527e-05,
    7.862434358685277e-06,
    0.0005914517096243799,
    0.0014702117769047618
  ],
  "labels": [
    "Eq 1",
    "Eq 2",
    "Eq 3",
    "Eq 4",
    "Eq 5",
    "Eq 6",
    "Eq 7",
    "Eq 8",
    "Eq 9",
    "Eq 10",
    "Eq 11",
    "Eq 12"
  ],
  "best_equilibrium_welfare": 0.0014702117769047618,
  "worst_equilibrium_welfare": -7.690649363212287e-05,
  "welfare_variance": 1.8307056200509772e-07,
  "analysis_type": "role_symmetric"
}