{
  "welfare_data": [
    0.00032650085631757975
  ],
  "labels": [
    "Eq 1"
  ],
  "best_equilibrium_welfare": 0.00032650085631757975,
  "worst_equilibrium_welfare": 0.00032650085631757975,
  "welfare_variance": 0,
  "analysis_type": "role_symmetric"
}