{
  "welfare_data": [
    0.0,
    0.0,
    0.0,
    30.704742431640625
  ],
  "labels": [
    "Eq 1",
    "Eq 2",
    "Eq 3",
    "Eq 4"
  ],
  "best_equilibrium_welfare": 30.704742431640625,
  "worst_equilibrium_welfare": 0.0,
  "welfare_variance": 176.77147646126105,
  "analysis_type": "role_symmetric"
}