{
  "welfare_data": [
    2.6798034014063887e-06,
    -6.120319994806778e-06
  ],
  "labels": [
    "Eq 1",
    "Eq 2"
  ],
  "best_equilibrium_welfare": 2.6798034014063887e-06,
  "worst_equilibrium_welfare": -6.120319994806778e-06,
  "welfare_variance": 1.936054294714459e-11,
  "analysis_type": "role_symmetric"
}