{
  "welfare_data": [
    0.0,
    3434.93310546875,
    1644.429443359375
  ],
  "labels": [
    "Eq 1",
    "Eq 2",
    "Eq 3"
  ],
  "best_equilibrium_welfare": 3434.93310546875,
  "worst_equilibrium_welfare": 0.0,
  "welfare_variance": 1967646.3330288331,
  "analysis_type": "role_symmetric"
}