{
  "welfare_data": [
    0.0,
    0.20300430059432983,
    0.22727957367897034,
    4.751436233520508,
    0.0001973958860617131,
    0.003897540271282196,
    0.24191662669181824
  ],
  "labels": [
    "Eq 1",
    "Eq 2",
    "Eq 3",
    "Eq 4",
    "Eq 5",
    "Eq 6",
    "Eq 7"
  ],
  "best_equilibrium_welfare": 4.751436233520508,
  "worst_equilibrium_welfare": 0.0,
  "welfare_variance": 2.6455631086340263,
  "analysis_type": "role_symmetric"
}