{
  "welfare_data": [
    0.23838485777378082,
    0.22052669525146484,
    -2.380548647096248e-09,
    1697.225830078125,
    1313.1334228515625,
    1502.596435546875,
    1486.301513671875,
    2844.51953125,
    1177.212890625,
    1862.330810546875,
    1753.2772216796875,
    1649.84423828125,
    3077.130859375,
    2575.83154296875,
    2444.501708984375,
    3921.80859375,
    5275.96484375
  ],
  "labels": [
    "Eq 1",
    "Eq 2",
    "Eq 3",
    "Eq 4",
    "Eq 5",
    "Eq 6",
    "Eq 7",
    "Eq 8",
    "Eq 9",
    "Eq 10",
    "Eq 11",
    "Eq 12",
    "Eq 13",
    "Eq 14",
    "Eq 15",
    "Eq 16",
    "Eq 17"
  ],
  "best_equilibrium_welfare": 5275.96484375,
  "worst_equilibrium_welfare": -2.380548647096248e-09,
  "welfare_variance": 1803644.6118014858,
  "analysis_type": "role_symmetric"
}