{
  "welfare_data": [
    -3.4319755286560394e-06,
    2.55866143561434e-06,
    1.6937975715336506e-06,
    1.6846448716023588e-06,
    1.4049563595852632e-11,
    1.120012194100184e-09,
    1.1987516757017147e-08,
    1.775819491456332e-08,
    1.5884910453678458e-07,
    5.8547119152763116e-08,
    8.670394180398944e-09,
    5.419508397608297e-08,
    8.511759688190068e-07,
    2.1771845126750122e-07,
    4.599580165631778e-07,
    3.7605104807880707e-06,
    1.4513716450892389e-06,
    2.3400985810440034e-05,
    1.3828309874952538e-06,
    1.4298228961706627e-05,
    1.3514021702576429e-05,
    6.2311114561453e-06,
    1.154088749899529e-06,
    1.4030311831447762e-05,
    1.5885239008639473e-06,
    5.807470006402582e-05,
    8.540617272956297e-06,
    1.158876511908602e-05,
    8.568011980969459e-05,
    1.728466486383695e-05,
    0.00013687759928870946,
    1.9337565390742384e-05,
    3.370342528796755e-05,
    0.00012243913079146296,
    3.0226936360122636e-05,
    0.0002558899577707052,
    1.2866322322224732e-05,
    6.714979826938361e-05,
    3.681427915580571e-05,
    6.985235813772306e-05,
    2.98097038466949e-05,
    0.0002733933215495199,
    0.00012747658183798194,
    0.0014254872221499681,
    0.0010969629511237144,
    0.0001318466675002128,
    0.0002477267989888787,
    5.683202834916301e-05,
    0.00018026525503955781,
    0.0013904392253607512,
    0.000677249045111239,
    0.0012846454046666622,
    0.002002901863306761,
    0.0015634535811841488,
    0.00046954856952652335,
    0.00039241844206117094,
    0.0009321428369730711,
    0.0022179188672453165,
    0.0007233312353491783,
    0.0009169339900836349
  ],
  "labels": [
    "Eq 1",
    "Eq 2",
    "Eq 3",
    "Eq 4",
    "Eq 5",
    "Eq 6",
    "Eq 7",
    "Eq 8",
    "Eq 9",
    "Eq 10",
    "Eq 11",
    "Eq 12",
    "Eq 13",
    "Eq 14",
    "Eq 15",
    "Eq 16",
    "Eq 17",
    "Eq 18",
    "Eq 19",
    "Eq 20",
    "Eq 21",
    "Eq 22",
    "Eq 23",
    "Eq 24",
    "Eq 25",
    "Eq 26",
    "Eq 27",
    "Eq 28",
    "Eq 29",
    "Eq 30",
    "Eq 31",
    "Eq 32",
    "Eq 33",
    "Eq 34",
    "Eq 35",
    "Eq 36",
    "Eq 37",
    "Eq 38",
    "Eq 39",
    "Eq 40",
    "Eq 41",
    "Eq 42",
    "Eq 43",
    "Eq 44",
    "Eq 45",
    "Eq 46",
    "Eq 47",
    "Eq 48",
    "Eq 49",
    "Eq 50",
    "Eq 51",
    "Eq 52",
    "Eq 53",
    "Eq 54",
    "Eq 55",
    "Eq 56",
    "Eq 57",
    "Eq 58",
    "Eq 59",
    "Eq 60"
  ],
  "best_equilibrium_welfare": 0.0022179188672453165,
  "worst_equilibrium_welfare": -3.4319755286560394e-06,
  "welfare_variance": 2.777541183498814e-07,
  "analysis_type": "role_symmetric"
}