{
  "strategy_names": [
    "MELO_0_100",
    "MELO_100_0"
  ],
  "num_strategies": 2,
  "num_players": 10,
  "payoff_matrix": [
    [
      -1.9153841733932495,
      1.3309297561645508,
      -1.140001893043518,
      0.21107451617717743,
      0.0,
      1.2092223167419434,
      0.49712494015693665,
      0.932712972164154,
      -4.672410488128662,
      0.9468694925308228,
      0.38632631301879883
    ],
    [
      -0.37850475311279297,
      -0.47691771388053894,
      -0.6013205647468567,
      -0.7350086569786072,
      -0.5013700723648071,
      0.0,
      -0.9030367732048035,
      -0.3572770953178406,
      -0.4308524429798126,
      -0.5631732940673828,
      -0.9875487685203552
    ]
  ],
  "game_metadata": {
    "payoff_mean": 24802.415250504928,
    "payoff_std": 5308.269914625332
  },
  "total_profiles_simulated": 11,
  "profiles_per_strategy_combination": {
    "[('MELO_0_100', 2), ('MELO_100_0', 8)]": 1,
    "[('MELO_0_100', 9), ('MELO_100_0', 1)]": 1,
    "[('MELO_0_100', 3), ('MELO_100_0', 7)]": 1,
    "[('MELO_0_100', 4), ('MELO_100_0', 6)]": 1,
    "[('MELO_100_0', 10)]": 1,
    "[('MELO_0_100', 10)]": 1,
    "[('MELO_0_100', 5), ('MELO_100_0', 5)]": 1,
    "[('MELO_0_100', 8), ('MELO_100_0', 2)]": 1,
    "[('MELO_0_100', 1), ('MELO_100_0', 9)]": 1,
    "[('MELO_0_100', 7), ('MELO_100_0', 3)]": 1,
    "[('MELO_0_100', 6), ('MELO_100_0', 4)]": 1
  }
}