{
  "strategy_names": [
    "MELO_0_100",
    "MELO_100_0"
  ],
  "num_strategies": 2,
  "num_players": 10,
  "payoff_matrix": [
    [
      0.34427011013031006,
      -0.41300320625305176,
      0.09711623936891556,
      -0.07155823707580566,
      1.1440666913986206,
      0.0,
      -0.6810947060585022,
      -1.1269170045852661,
      0.6472087502479553,
      -0.06512807309627533,
      0.0924215093255043
    ],
    [
      0.6936768889427185,
      -0.8059613108634949,
      -0.07830537855625153,
      0.3296753466129303,
      0.0,
      -0.1526198536157608,
      0.44536861777305603,
      -0.7189577221870422,
      1.6438791751861572,
      -0.7910478115081787,
      -0.10752946138381958
    ]
  ],
  "game_metadata": {
    "payoff_mean": 24836.72491602118,
    "payoff_std": 7243.991895201137
  },
  "total_profiles_simulated": 11,
  "profiles_per_strategy_combination": {
    "[('MELO_0_100', 8), ('MELO_100_0', 2)]": 1,
    "[('MELO_0_100', 1), ('MELO_100_0', 9)]": 1,
    "[('MELO_0_100', 7), ('MELO_100_0', 3)]": 1,
    "[('MELO_0_100', 6), ('MELO_100_0', 4)]": 1,
    "[('MELO_0_100', 10)]": 1,
    "[('MELO_100_0', 10)]": 1,
    "[('MELO_0_100', 5), ('MELO_100_0', 5)]": 1,
    "[('MELO_0_100', 2), ('MELO_100_0', 8)]": 1,
    "[('MELO_0_100', 9), ('MELO_100_0', 1)]": 1,
    "[('MELO_0_100', 3), ('MELO_100_0', 7)]": 1,
    "[('MELO_0_100', 4), ('MELO_100_0', 6)]": 1
  }
}