{
  "welfare_data": [
    1.9950400655943668e-06,
    0.0030506965704262257,
    0.006190026178956032,
    0.0,
    0.23163850605487823,
    0.22964780032634735,
    0.23477354645729065,
    0.0,
    6.279181252466515e-05
  ],
  "labels": [
    "Eq 1",
    "Eq 2",
    "Eq 3",
    "Eq 4",
    "Eq 5",
    "Eq 6",
    "Eq 7",
    "Eq 8",
    "Eq 9"
  ],
  "best_equilibrium_welfare": 0.23477354645729065,
  "worst_equilibrium_welfare": 0.0,
  "welfare_variance": 0.01180872221897615,
  "analysis_type": "role_symmetric"
}