{
  "welfare_data": [
    2.0313915882752553e-08,
    1.042779445015185e-07,
    1.7398377849531244e-07,
    2.357357516302727e-06,
    7.634505436726613e-07,
    2.737824252108112e-05,
    1.6079326087492518e-05,
    2.61903005593922e-05,
    7.370983803411946e-05,
    0.00013655601651407778,
    9.588871762389317e-05
  ],
  "labels": [
    "Eq 1",
    "Eq 2",
    "Eq 3",
    "Eq 4",
    "Eq 5",
    "Eq 6",
    "Eq 7",
    "Eq 8",
    "Eq 9",
    "Eq 10",
    "Eq 11"
  ],
  "best_equilibrium_welfare": 0.00013655601651407778,
  "worst_equilibrium_welfare": 2.0313915882752553e-08,
  "welfare_variance": 1.9910904869881203e-09,
  "analysis_type": "role_symmetric"
}