{
  "strategy_names": [
    "MELO_0_100",
    "MELO_100_0"
  ],
  "num_strategies": 2,
  "num_players": 10,
  "payoff_matrix": [
    [
      0.614438533782959,
      -0.778578519821167,
      -0.08896151185035706,
      -0.3798923194408417,
      1.097522497177124,
      0.0,
      -0.6054611206054688,
      -0.47408172488212585,
      0.785100519657135,
      0.12664695084095,
      -0.8159831166267395
    ],
    [
      0.6492290496826172,
      -0.5179184675216675,
      -0.4460209906101227,
      0.42623090744018555,
      0.0,
      -0.11766026169061661,
      0.16970008611679077,
      -0.3194402754306793,
      0.4185364246368408,
      -0.5543304681777954,
      -0.512527585029602
    ]
  ],
  "game_metadata": {
    "payoff_mean": 24623.181166492806,
    "payoff_std": 7152.479717682784
  },
  "total_profiles_simulated": 11,
  "profiles_per_strategy_combination": {
    "[('MELO_0_100', 8), ('MELO_100_0', 2)]": 1,
    "[('MELO_0_100', 1), ('MELO_100_0', 9)]": 1,
    "[('MELO_0_100', 7), ('MELO_100_0', 3)]": 1,
    "[('MELO_0_100', 6), ('MELO_100_0', 4)]": 1,
    "[('MELO_0_100', 10)]": 1,
    "[('MELO_100_0', 10)]": 1,
    "[('MELO_0_100', 5), ('MELO_100_0', 5)]": 1,
    "[('MELO_0_100', 2), ('MELO_100_0', 8)]": 1,
    "[('MELO_0_100', 9), ('MELO_100_0', 1)]": 1,
    "[('MELO_0_100', 3), ('MELO_100_0', 7)]": 1,
    "[('MELO_0_100', 4), ('MELO_100_0', 6)]": 1
  }
}