{
  "welfare_data": [
    0.00026210263604298234,
    0.00026210263604298234
  ],
  "labels": [
    "Eq 1",
    "Eq 2"
  ],
  "best_equilibrium_welfare": 0.00026210263604298234,
  "worst_equilibrium_welfare": 0.00026210263604298234,
  "welfare_variance": 0.0,
  "analysis_type": "role_symmetric"
}