{
  "welfare_data": [
    0.0,
    0.0,
    4.621083917299984e-06,
    1.0889648365264293e-06,
    0.0009058165014721453,
    0.00033958425046876073,
    0.00018984802591148764,
    0.0015095907729119062,
    0.004685023333877325,
    0.008230005390942097,
    0.0021233248990029097,
    0.0047624241560697556,
    0.026658447459340096,
    0.015774723142385483,
    0.005268431734293699,
    0.01787441037595272,
    0.04425129294395447,
    0.03662446513772011,
    0.04119214415550232,
    0.014525303617119789,
    0.31380850076675415
  ],
  "labels": [
    "Eq 1",
    "Eq 2",
    "Eq 3",
    "Eq 4",
    "Eq 5",
    "Eq 6",
    "Eq 7",
    "Eq 8",
    "Eq 9",
    "Eq 10",
    "Eq 11",
    "Eq 12",
    "Eq 13",
    "Eq 14",
    "Eq 15",
    "Eq 16",
    "Eq 17",
    "Eq 18",
    "Eq 19",
    "Eq 20",
    "Eq 21"
  ],
  "best_equilibrium_welfare": 0.31380850076675415,
  "worst_equilibrium_welfare": 0.0,
  "welfare_variance": 0.004347120991622121,
  "analysis_type": "role_symmetric"
}