{
  "strategy_names": [
    "MELO_0_100",
    "MELO_100_0"
  ],
  "num_strategies": 2,
  "num_players": 10,
  "payoff_matrix": [
    [
      0.12657752633094788,
      -0.6442216038703918,
      -0.09646499156951904,
      -0.6166576743125916,
      1.2588778734207153,
      0.0,
      -1.0234326124191284,
      -0.5666306018829346,
      0.9313250780105591,
      -0.6322429180145264,
      -0.6037850975990295
    ],
    [
      1.436657190322876,
      -0.581061065196991,
      0.8035028576850891,
      0.3966354727745056,
      0.0,
      -0.02518681064248085,
      0.370382696390152,
      -0.7874679565429688,
      1.1727744340896606,
      -0.5958157777786255,
      -0.05746494233608246
    ]
  ],
  "game_metadata": {
    "payoff_mean": 24136.205120791346,
    "payoff_std": 5215.373897612942
  },
  "total_profiles_simulated": 11,
  "profiles_per_strategy_combination": {
    "[('MELO_0_100', 8), ('MELO_100_0', 2)]": 1,
    "[('MELO_0_100', 1), ('MELO_100_0', 9)]": 1,
    "[('MELO_0_100', 7), ('MELO_100_0', 3)]": 1,
    "[('MELO_0_100', 6), ('MELO_100_0', 4)]": 1,
    "[('MELO_0_100', 10)]": 1,
    "[('MELO_100_0', 10)]": 1,
    "[('MELO_0_100', 5), ('MELO_100_0', 5)]": 1,
    "[('MELO_0_100', 2), ('MELO_100_0', 8)]": 1,
    "[('MELO_0_100', 9), ('MELO_100_0', 1)]": 1,
    "[('MELO_0_100', 3), ('MELO_100_0', 7)]": 1,
    "[('MELO_0_100', 4), ('MELO_100_0', 6)]": 1
  }
}