{
  "welfare_data": [
    31221.29371783447,
    21584.931432538917,
    21572.85572424573,
    21566.70626206606
  ],
  "labels": [
    "Eq 1",
    "Eq 2",
    "Eq 3",
    "Eq 4"
  ],
  "best_equilibrium_welfare": 31221.29371783447,
  "worst_equilibrium_welfare": 21566.70626206606,
  "welfare_variance": 17447713.034133036,
  "welfare_comparison": [
    {
      "equilibrium": "Eq 1",
      "welfare": 31221.29371783447,
      "welfare_rank": 1
    },
    {
      "equilibrium": "Eq 2",
      "welfare": 21584.931432538917,
      "welfare_rank": 2
    },
    {
      "equilibrium": "Eq 3",
      "welfare": 21572.85572424573,
      "welfare_rank": 3
    },
    {
      "equilibrium": "Eq 4",
      "welfare": 21566.70626206606,
      "welfare_rank": 4
    }
  ]
}