{
  "welfare_data": [
    4.474960405786987e-06,
    -5.466390121000586e-06
  ],
  "labels": [
    "Eq 1",
    "Eq 2"
  ],
  "best_equilibrium_welfare": 4.474960405786987e-06,
  "worst_equilibrium_welfare": -5.466390121000586e-06,
  "welfare_variance": 2.470761257411489e-11,
  "analysis_type": "role_symmetric"
}