{
  "welfare_data": [
    2.926180968643166e-07,
    -4.9584100452193525e-06
  ],
  "labels": [
    "Eq 1",
    "Eq 2"
  ],
  "best_equilibrium_welfare": 2.926180968643166e-07,
  "worst_equilibrium_welfare": -4.9584100452193525e-06,
  "welfare_variance": 6.893324137238667e-12,
  "analysis_type": "role_symmetric"
}