{
  "welfare_data": [
    8.818996138870716e-05
  ],
  "labels": [
    "Eq 1"
  ],
  "best_equilibrium_welfare": 8.818996138870716e-05,
  "worst_equilibrium_welfare": 8.818996138870716e-05,
  "welfare_variance": 0,
  "analysis_type": "role_symmetric"
}