{
  "welfare_data": [
    0.6528569459915161,
    0.5250281691551208,
    -1.5045041601435827e-11,
    1.237909970086548e-07,
    9.877754081344392e-08,
    2.527338551772118e-07,
    6.98772851137619e-07
  ],
  "labels": [
    "Eq 1",
    "Eq 2",
    "Eq 3",
    "Eq 4",
    "Eq 5",
    "Eq 6",
    "Eq 7"
  ],
  "best_equilibrium_welfare": 0.6528569459915161,
  "worst_equilibrium_welfare": -1.5045041601435827e-11,
  "welfare_variance": 0.07195349555209843,
  "analysis_type": "role_symmetric"
}