{
  "welfare_data": [
    1.1032645943487296e-06,
    0.00279267062433064,
    0.0059918854385614395,
    0.0,
    0.24078814685344696,
    0.23147191107273102,
    0.21962346136569977
  ],
  "labels": [
    "Eq 1",
    "Eq 2",
    "Eq 3",
    "Eq 4",
    "Eq 5",
    "Eq 6",
    "Eq 7"
  ],
  "best_equilibrium_welfare": 0.24078814685344696,
  "worst_equilibrium_welfare": 0.0,
  "welfare_variance": 0.012814634867038223,
  "analysis_type": "role_symmetric"
}