{
  "welfare_data": [
    0.24135175347328186,
    0.0
  ],
  "labels": [
    "Eq 1",
    "Eq 2"
  ],
  "best_equilibrium_welfare": 0.24135175347328186,
  "worst_equilibrium_welfare": 0.0,
  "welfare_variance": 0.014562667226156956,
  "analysis_type": "role_symmetric"
}