{
  "welfare_data": [
    -7.786677552745758e-12,
    1.1369431437979749e-11,
    1.144349892623353e-11,
    -5.443286880263409e-13,
    1.523239650733088e-12,
    -5.156685801921412e-06,
    2.530637857489637e-06,
    1.997415893129073e-06,
    2.358240180910798e-06,
    9.531047453492647e-07,
    2.0178674731141655e-06,
    6.43301376612726e-08
  ],
  "labels": [
    "Eq 1",
    "Eq 2",
    "Eq 3",
    "Eq 4",
    "Eq 5",
    "Eq 6",
    "Eq 7",
    "Eq 8",
    "Eq 9",
    "Eq 10",
    "Eq 11",
    "Eq 12"
  ],
  "best_equilibrium_welfare": 2.530637857489637e-06,
  "worst_equilibrium_welfare": -5.156685801921412e-06,
  "welfare_variance": 3.803232990231238e-12,
  "analysis_type": "role_symmetric"
}