{
  "strategy_names": [
    "MELO_0_100",
    "MELO_100_0"
  ],
  "num_strategies": 2,
  "num_players": 10,
  "payoff_matrix": [
    [
      0.04375867918133736,
      0.4960470497608185,
      -0.013513159938156605,
      0.3451232314109802,
      0.9601236581802368,
      0.0,
      -0.16298061609268188,
      -0.015371321700513363,
      0.09627929329872131,
      -1.434687614440918,
      -0.051761969923973083
    ],
    [
      0.8461655974388123,
      -0.9212484955787659,
      0.6486016511917114,
      0.14255020022392273,
      0.0,
      0.2496177852153778,
      -0.037494074553251266,
      -0.2688843309879303,
      0.8350192904472351,
      -0.5543749928474426,
      -0.16039752960205078
    ]
  ],
  "game_metadata": {
    "payoff_mean": 22117.900169233842,
    "payoff_std": 6078.793201586548
  },
  "total_profiles_simulated": 11,
  "profiles_per_strategy_combination": {
    "[('MELO_0_100', 8), ('MELO_100_0', 2)]": 1,
    "[('MELO_0_100', 1), ('MELO_100_0', 9)]": 1,
    "[('MELO_0_100', 7), ('MELO_100_0', 3)]": 1,
    "[('MELO_0_100', 6), ('MELO_100_0', 4)]": 1,
    "[('MELO_0_100', 10)]": 1,
    "[('MELO_100_0', 10)]": 1,
    "[('MELO_0_100', 5), ('MELO_100_0', 5)]": 1,
    "[('MELO_0_100', 2), ('MELO_100_0', 8)]": 1,
    "[('MELO_0_100', 9), ('MELO_100_0', 1)]": 1,
    "[('MELO_0_100', 3), ('MELO_100_0', 7)]": 1,
    "[('MELO_0_100', 4), ('MELO_100_0', 6)]": 1
  }
}