{
  "welfare_data": [
    0.0,
    0.0,
    -4.6726955638121126e-11,
    8.790364880439938e-09,
    2.2846951708288543e-07,
    4.04872196213546e-07,
    -1.618399255676195e-05,
    7.857923628762364e-05,
    0.00018822179117705673,
    -1.7150954590761103e-05,
    -0.00016236506053246558
  ],
  "labels": [
    "Eq 1",
    "Eq 2",
    "Eq 3",
    "Eq 4",
    "Eq 5",
    "Eq 6",
    "Eq 7",
    "Eq 8",
    "Eq 9",
    "Eq 10",
    "Eq 11"
  ],
  "best_equilibrium_welfare": 0.00018822179117705673,
  "worst_equilibrium_welfare": -0.00016236506053246558,
  "welfare_variance": 6.186629931562995e-09,
  "analysis_type": "role_symmetric"
}