{
  "welfare_data": [
    0.0,
    0.0,
    0.0,
    0.0,
    0.0,
    0.0016973520396277308,
    0.0020033991895616055,
    0.008375106379389763,
    0.0017834138125181198,
    0.009177249856293201,
    0.0055848960764706135,
    0.021333033218979836,
    0.05135045200586319,
    0.01686585322022438,
    0.03465951606631279,
    0.043464940041303635,
    0.07113160938024521,
    0.03950636088848114,
    0.10881933569908142,
    0.11477658897638321,
    0.4675154685974121,
    0.5571993589401245,
    2.7379050254821777,
    3.6199443340301514
  ],
  "labels": [
    "Eq 1",
    "Eq 2",
    "Eq 3",
    "Eq 4",
    "Eq 5",
    "Eq 6",
    "Eq 7",
    "Eq 8",
    "Eq 9",
    "Eq 10",
    "Eq 11",
    "Eq 12",
    "Eq 13",
    "Eq 14",
    "Eq 15",
    "Eq 16",
    "Eq 17",
    "Eq 18",
    "Eq 19",
    "Eq 20",
    "Eq 21",
    "Eq 22",
    "Eq 23",
    "Eq 24"
  ],
  "best_equilibrium_welfare": 3.6199443340301514,
  "worst_equilibrium_welfare": 0.0,
  "welfare_variance": 0.7732673957042219,
  "analysis_type": "role_symmetric"
}