{
  "welfare_data": [
    0.25910645723342896,
    0.0,
    0.1466955691576004,
    0.3703059256076813,
    1.9636399745941162,
    1.1786781549453735,
    4.2320709228515625,
    3.2284364700317383,
    7.863715171813965,
    4.677412509918213,
    14.646528244018555,
    3.7359955310821533,
    5.1116228103637695,
    7.041346073150635,
    8.411521911621094
  ],
  "labels": [
    "Eq 1",
    "Eq 2",
    "Eq 3",
    "Eq 4",
    "Eq 5",
    "Eq 6",
    "Eq 7",
    "Eq 8",
    "Eq 9",
    "Eq 10",
    "Eq 11",
    "Eq 12",
    "Eq 13",
    "Eq 14",
    "Eq 15"
  ],
  "best_equilibrium_welfare": 14.646528244018555,
  "worst_equilibrium_welfare": 0.0,
  "welfare_variance": 15.265143875211768,
  "analysis_type": "role_symmetric"
}