{
  "welfare_data": [
    -4.3764725887740497e-07,
    -5.567349944612943e-06
  ],
  "labels": [
    "Eq 1",
    "Eq 2"
  ],
  "best_equilibrium_welfare": -4.3764725887740497e-07,
  "worst_equilibrium_welfare": -5.567349944612943e-06,
  "welfare_variance": 6.578462411010597e-12,
  "analysis_type": "role_symmetric"
}