{
  "welfare_data": [
    0.0,
    0.0,
    0.0,
    0.0,
    0.0,
    0.0016378686996176839,
    0.0029022537637501955,
    0.0051470473408699036,
    0.001617264118976891,
    0.008564162999391556,
    0.036746468394994736,
    0.015451665967702866,
    0.013615762814879417,
    0.045140523463487625,
    0.08444315940141678,
    0.028048144653439522,
    0.0737067461013794,
    0.1152510866522789,
    0.1513761579990387,
    0.19433116912841797,
    0.5085402131080627,
    1.0903363227844238,
    5.356955528259277
  ],
  "labels": [
    "Eq 1",
    "Eq 2",
    "Eq 3",
    "Eq 4",
    "Eq 5",
    "Eq 6",
    "Eq 7",
    "Eq 8",
    "Eq 9",
    "Eq 10",
    "Eq 11",
    "Eq 12",
    "Eq 13",
    "Eq 14",
    "Eq 15",
    "Eq 16",
    "Eq 17",
    "Eq 18",
    "Eq 19",
    "Eq 20",
    "Eq 21",
    "Eq 22",
    "Eq 23"
  ],
  "best_equilibrium_welfare": 5.356955528259277,
  "worst_equilibrium_welfare": 0.0,
  "welfare_variance": 1.2015279134020378,
  "analysis_type": "role_symmetric"
}