{
  "welfare_data": [
    0.0006265435367822647
  ],
  "labels": [
    "Eq 1"
  ],
  "best_equilibrium_welfare": 0.0006265435367822647,
  "worst_equilibrium_welfare": 0.0006265435367822647,
  "welfare_variance": 0,
  "analysis_type": "role_symmetric"
}