{
  "welfare_data": [
    3.812235416233989e-09,
    0.24119223654270172,
    0.22681525349617004,
    4.143766403198242,
    0.0002413211768725887,
    0.003472221316769719,
    0.006161785684525967,
    0.23647353053092957
  ],
  "labels": [
    "Eq 1",
    "Eq 2",
    "Eq 3",
    "Eq 4",
    "Eq 5",
    "Eq 6",
    "Eq 7",
    "Eq 8"
  ],
  "best_equilibrium_welfare": 4.143766403198242,
  "worst_equilibrium_welfare": 3.812235416233989e-09,
  "welfare_variance": 1.7982773853138265,
  "analysis_type": "role_symmetric"
}