{
  "welfare_data": [
    0.0,
    0.0056897117756307125,
    0.23844578862190247
  ],
  "labels": [
    "Eq 1",
    "Eq 2",
    "Eq 3"
  ],
  "best_equilibrium_welfare": 0.23844578862190247,
  "worst_equilibrium_welfare": 0.0,
  "welfare_variance": 0.01234046202671981,
  "analysis_type": "role_symmetric"
}