{
  "welfare_data": [
    6.2771196365356445
  ],
  "labels": [
    "Eq 1"
  ],
  "best_equilibrium_welfare": 6.2771196365356445,
  "worst_equilibrium_welfare": 6.2771196365356445,
  "welfare_variance": 0,
  "analysis_type": "role_symmetric"
}