{
  "welfare_data": [
    0.22926229238510132,
    0.0
  ],
  "labels": [
    "Eq 1",
    "Eq 2"
  ],
  "best_equilibrium_welfare": 0.22926229238510132,
  "worst_equilibrium_welfare": 0.0,
  "welfare_variance": 0.013140299677417921,
  "analysis_type": "role_symmetric"
}