{
  "welfare_data": [
    32274.0625,
    31909.84765625
  ],
  "labels": [
    "Eq 1",
    "Eq 2"
  ],
  "best_equilibrium_welfare": 32274.0625,
  "worst_equilibrium_welfare": 31909.84765625,
  "welfare_variance": 33163.11310195923,
  "analysis_type": "role_symmetric"
}