{
  "welfare_data": [
    0.0,
    -2.3476953506469727
  ],
  "labels": [
    "Eq 1",
    "Eq 2"
  ],
  "best_equilibrium_welfare": 0.0,
  "worst_equilibrium_welfare": -2.3476953506469727,
  "welfare_variance": 1.377918364862353,
  "analysis_type": "role_symmetric"
}