{
  "welfare_data": [
    0.0,
    0.0,
    0.0,
    0.0062061878852546215,
    0.03183773159980774,
    0.052069518715143204,
    0.09888644516468048,
    0.43555787205696106,
    2.1734256744384766,
    3.5867652893066406,
    2.5383081436157227,
    7.328607082366943,
    4.999224662780762,
    12.299115180969238,
    52.58905029296875,
    9.653265953063965,
    23.440277099609375,
    41.640541076660156
  ],
  "labels": [
    "Eq 1",
    "Eq 2",
    "Eq 3",
    "Eq 4",
    "Eq 5",
    "Eq 6",
    "Eq 7",
    "Eq 8",
    "Eq 9",
    "Eq 10",
    "Eq 11",
    "Eq 12",
    "Eq 13",
    "Eq 14",
    "Eq 15",
    "Eq 16",
    "Eq 17",
    "Eq 18"
  ],
  "best_equilibrium_welfare": 52.58905029296875,
  "worst_equilibrium_welfare": 0.0,
  "welfare_variance": 219.92177006503172,
  "analysis_type": "role_symmetric"
}