{
  "strategy_names": [
    "MELO_0_100",
    "MELO_100_0"
  ],
  "num_strategies": 2,
  "num_players": 10,
  "payoff_matrix": [
    [
      0.3090408444404602,
      0.03161265328526497,
      -0.15015652775764465,
      -0.2775712013244629,
      1.3314168453216553,
      0.0,
      -0.6670275926589966,
      -0.4651518166065216,
      0.6259579062461853,
      -0.4662991166114807,
      -0.5288686752319336
    ],
    [
      0.5046929717063904,
      -0.5650728344917297,
      0.12290066480636597,
      0.7507442235946655,
      0.0,
      -0.16859090328216553,
      0.0745772272348404,
      -0.9111130237579346,
      0.7944933772087097,
      -0.5564764738082886,
      0.24199463427066803
    ]
  ],
  "game_metadata": {
    "payoff_mean": 24420.11354891691,
    "payoff_std": 7437.668776905405
  },
  "total_profiles_simulated": 11,
  "profiles_per_strategy_combination": {
    "[('MELO_0_100', 8), ('MELO_100_0', 2)]": 1,
    "[('MELO_0_100', 1), ('MELO_100_0', 9)]": 1,
    "[('MELO_0_100', 7), ('MELO_100_0', 3)]": 1,
    "[('MELO_0_100', 6), ('MELO_100_0', 4)]": 1,
    "[('MELO_0_100', 10)]": 1,
    "[('MELO_100_0', 10)]": 1,
    "[('MELO_0_100', 5), ('MELO_100_0', 5)]": 1,
    "[('MELO_0_100', 2), ('MELO_100_0', 8)]": 1,
    "[('MELO_0_100', 9), ('MELO_100_0', 1)]": 1,
    "[('MELO_0_100', 3), ('MELO_100_0', 7)]": 1,
    "[('MELO_0_100', 4), ('MELO_100_0', 6)]": 1
  }
}