{
  "strategy_names": [
    "MELO_0_100",
    "MELO_100_0"
  ],
  "num_strategies": 2,
  "num_players": 10,
  "payoff_matrix": [
    [
      -0.5469455718994141,
      1.2440108060836792,
      -0.23116713762283325,
      0.3269807696342468,
      -1.536263346672058,
      0.0,
      1.0028613805770874,
      0.9233943819999695,
      -1.536263346672058,
      0.8611329793930054,
      0.9686151742935181
    ],
    [
      -0.6660851836204529,
      0.8078259229660034,
      -0.6581320762634277,
      -0.46411895751953125,
      0.0,
      1.0473841428756714,
      -0.15920090675354004,
      0.5816646218299866,
      -1.536263346672058,
      0.3742877244949341,
      0.18926513195037842
    ]
  ],
  "game_metadata": {
    "payoff_mean": 17919.97696860157,
    "payoff_std": 11664.652041513957
  },
  "total_profiles_simulated": 11,
  "profiles_per_strategy_combination": {
    "[('MELO_0_100', 8), ('MELO_100_0', 2)]": 1,
    "[('MELO_0_100', 1), ('MELO_100_0', 9)]": 1,
    "[('MELO_0_100', 7), ('MELO_100_0', 3)]": 1,
    "[('MELO_0_100', 6), ('MELO_100_0', 4)]": 1,
    "[('MELO_0_100', 10)]": 1,
    "[('MELO_100_0', 10)]": 1,
    "[('MELO_0_100', 5), ('MELO_100_0', 5)]": 1,
    "[('MELO_0_100', 2), ('MELO_100_0', 8)]": 1,
    "[('MELO_0_100', 9), ('MELO_100_0', 1)]": 1,
    "[('MELO_0_100', 3), ('MELO_100_0', 7)]": 1,
    "[('MELO_0_100', 4), ('MELO_100_0', 6)]": 1
  }
}