{
  "welfare_data": [
    0.0006203589728102088
  ],
  "labels": [
    "Eq 1"
  ],
  "best_equilibrium_welfare": 0.0006203589728102088,
  "worst_equilibrium_welfare": 0.0006203589728102088,
  "welfare_variance": 0,
  "analysis_type": "role_symmetric"
}