{
  "strategy_names": [
    "MELO_0_100",
    "MELO_100_0"
  ],
  "num_strategies": 2,
  "num_players": 10,
  "payoff_matrix": [
    [
      -2.414299249649048,
      -0.5151739120483398,
      -1.7608474493026733,
      -1.3534778356552124,
      0.0,
      -0.4134543836116791,
      -1.1001691818237305,
      -0.6040985584259033,
      -3.7792539596557617,
      -0.7395654916763306,
      -0.8968039155006409
    ],
    [
      0.7994163632392883,
      1.4465856552124023,
      0.8620629906654358,
      0.9460442066192627,
      0.6787832379341125,
      0.0,
      1.0246968269348145,
      1.3143460750579834,
      0.7437485456466675,
      1.218536615371704,
      1.1312133073806763
    ]
  ],
  "game_metadata": {
    "payoff_mean": 26782.99441475186,
    "payoff_std": 7086.846927029456
  },
  "total_profiles_simulated": 11,
  "profiles_per_strategy_combination": {
    "[('MELO_0_100', 2), ('MELO_100_0', 8)]": 1,
    "[('MELO_0_100', 9), ('MELO_100_0', 1)]": 1,
    "[('MELO_0_100', 3), ('MELO_100_0', 7)]": 1,
    "[('MELO_0_100', 4), ('MELO_100_0', 6)]": 1,
    "[('MELO_100_0', 10)]": 1,
    "[('MELO_0_100', 10)]": 1,
    "[('MELO_0_100', 5), ('MELO_100_0', 5)]": 1,
    "[('MELO_0_100', 8), ('MELO_100_0', 2)]": 1,
    "[('MELO_0_100', 1), ('MELO_100_0', 9)]": 1,
    "[('MELO_0_100', 7), ('MELO_100_0', 3)]": 1,
    "[('MELO_0_100', 6), ('MELO_100_0', 4)]": 1
  }
}