{
  "welfare_data": [
    0.0,
    5.287003205012297e-06,
    0.00025318440748378634,
    0.0004907380207441747,
    0.0008481698459945619,
    0.0002782514493446797,
    0.0010394887067377567,
    0.00018849015759769827,
    0.0001673352817306295,
    0.0005567485932260752,
    0.1932624876499176,
    0.362995445728302,
    1.369744896888733,
    0.390760600566864,
    0.3668562173843384
  ],
  "labels": [
    "Eq 1",
    "Eq 2",
    "Eq 3",
    "Eq 4",
    "Eq 5",
    "Eq 6",
    "Eq 7",
    "Eq 8",
    "Eq 9",
    "Eq 10",
    "Eq 11",
    "Eq 12",
    "Eq 13",
    "Eq 14",
    "Eq 15"
  ],
  "best_equilibrium_welfare": 1.369744896888733,
  "worst_equilibrium_welfare": 0.0,
  "welfare_variance": 0.12340703364516845,
  "analysis_type": "role_symmetric"
}