{
  "strategy_names": [
    "MELO_0_100",
    "MELO_100_0"
  ],
  "num_strategies": 2,
  "num_players": 10,
  "payoff_matrix": [
    [
      -1.709311604499817,
      0.4370810091495514,
      -0.3562045991420746,
      -0.43457117676734924,
      0.0,
      1.2077445983886719,
      0.48613929748535156,
      0.5762069225311279,
      -3.383908271789551,
      0.9970704913139343,
      0.4169261157512665
    ],
    [
      -0.4279526174068451,
      -0.7731295824050903,
      -0.2437993437051773,
      -0.7833175659179688,
      -0.0853934958577156,
      0.0,
      -0.5747255682945251,
      -0.6782851815223694,
      -0.08765887469053268,
      -1.0495089292526245,
      -0.8245763182640076
    ]
  ],
  "game_metadata": {
    "payoff_mean": 25109.709433371805,
    "payoff_std": 7420.328085001651
  },
  "total_profiles_simulated": 11,
  "profiles_per_strategy_combination": {
    "[('MELO_0_100', 2), ('MELO_100_0', 8)]": 1,
    "[('MELO_0_100', 9), ('MELO_100_0', 1)]": 1,
    "[('MELO_0_100', 3), ('MELO_100_0', 7)]": 1,
    "[('MELO_0_100', 4), ('MELO_100_0', 6)]": 1,
    "[('MELO_100_0', 10)]": 1,
    "[('MELO_0_100', 10)]": 1,
    "[('MELO_0_100', 5), ('MELO_100_0', 5)]": 1,
    "[('MELO_0_100', 8), ('MELO_100_0', 2)]": 1,
    "[('MELO_0_100', 1), ('MELO_100_0', 9)]": 1,
    "[('MELO_0_100', 7), ('MELO_100_0', 3)]": 1,
    "[('MELO_0_100', 6), ('MELO_100_0', 4)]": 1
  }
}