{
  "welfare_data": [
    0.0,
    0.0,
    0.0,
    0.0,
    0.0,
    0.0,
    0.0,
    0.0,
    0.0,
    0.0,
    0.0,
    0.0,
    0.0,
    0.9468754529953003,
    0.9937568306922913,
    1.0163629055023193,
    0.0,
    0.006498904898762703,
    2.5701210498809814
  ],
  "labels": [
    "Eq 1",
    "Eq 2",
    "Eq 3",
    "Eq 4",
    "Eq 5",
    "Eq 6",
    "Eq 7",
    "Eq 8",
    "Eq 9",
    "Eq 10",
    "Eq 11",
    "Eq 12",
    "Eq 13",
    "Eq 14",
    "Eq 15",
    "Eq 16",
    "Eq 17",
    "Eq 18",
    "Eq 19"
  ],
  "best_equilibrium_welfare": 2.5701210498809814,
  "worst_equilibrium_welfare": 0.0,
  "welfare_variance": 0.4163714541947616,
  "analysis_type": "role_symmetric"
}