{
  "strategy_names": [
    "MELO_0_100",
    "MELO_100_0"
  ],
  "num_strategies": 2,
  "num_players": 10,
  "payoff_matrix": [
    [
      -0.7356686592102051,
      0.5470665693283081,
      -0.5289475321769714,
      -0.5310553312301636,
      0.48830392956733704,
      0.0,
      0.065537229180336,
      0.9606973528862,
      -0.3399890661239624,
      0.2883562743663788,
      -0.009832710027694702
    ],
    [
      -0.2466164380311966,
      0.2725176513195038,
      0.2167186439037323,
      0.06644613295793533,
      0.0,
      1.0700719356536865,
      -0.37725013494491577,
      -0.036018259823322296,
      0.3932122588157654,
      -0.4168795049190521,
      -0.25790899991989136
    ]
  ],
  "game_metadata": {
    "payoff_mean": 22457.907021209718,
    "payoff_std": 4999.263932840028
  },
  "total_profiles_simulated": 11,
  "profiles_per_strategy_combination": {
    "[('MELO_0_100', 8), ('MELO_100_0', 2)]": 1,
    "[('MELO_0_100', 1), ('MELO_100_0', 9)]": 1,
    "[('MELO_0_100', 7), ('MELO_100_0', 3)]": 1,
    "[('MELO_0_100', 6), ('MELO_100_0', 4)]": 1,
    "[('MELO_0_100', 10)]": 1,
    "[('MELO_100_0', 10)]": 1,
    "[('MELO_0_100', 5), ('MELO_100_0', 5)]": 1,
    "[('MELO_0_100', 2), ('MELO_100_0', 8)]": 1,
    "[('MELO_0_100', 9), ('MELO_100_0', 1)]": 1,
    "[('MELO_0_100', 3), ('MELO_100_0', 7)]": 1,
    "[('MELO_0_100', 4), ('MELO_100_0', 6)]": 1
  }
}