{
  "welfare_data": [
    0.0,
    4.549355683836076e-12,
    -5.298485608595804e-11,
    1.3479261440352275e-07,
    -3.094636014111529e-08,
    -5.061700449005002e-06,
    -0.000460054783616215,
    -0.00018657217151485384
  ],
  "labels": [
    "Eq 1",
    "Eq 2",
    "Eq 3",
    "Eq 4",
    "Eq 5",
    "Eq 6",
    "Eq 7",
    "Eq 8"
  ],
  "best_equilibrium_welfare": 1.3479261440352275e-07,
  "worst_equilibrium_welfare": -0.000460054783616215,
  "welfare_variance": 2.4176858211514526e-08,
  "analysis_type": "role_symmetric"
}