{
  "welfare_data": [
    -6.966391083551571e-06,
    6.954485343158012e-06,
    -1.1273574074266435e-08,
    7.50230526591622e-08,
    5.57258488242951e-08,
    3.083335968767642e-07,
    2.659917583969218e-07,
    8.136984206430498e-07,
    3.578140308491129e-07,
    7.656161642444204e-07,
    7.630009690728912e-08,
    9.819350452744402e-07,
    1.2828199942305218e-06,
    1.5580717445118353e-06,
    1.0835137800313532e-06,
    2.2629033935572807e-07,
    8.45260547066573e-06,
    3.0714450076629873e-06,
    2.6299289856979158e-06,
    3.901748186763143e-06,
    1.416997292835731e-06,
    3.895380814356031e-06,
    4.906361937173642e-06,
    6.435201612475794e-06,
    6.0758698054996785e-06,
    2.1737410861533135e-05,
    8.190390872186981e-06,
    9.746874638949521e-06,
    9.88046213024063e-06,
    1.2405201232468244e-05,
    3.891213964379858e-06,
    2.7841710107168183e-05,
    1.204102773044724e-05,
    1.591886393725872e-05,
    2.5065849058591994e-06,
    3.5670295801537577e-06,
    7.0978348958306015e-06,
    3.2998497772496194e-05,
    2.8523736546048895e-05,
    2.915361983468756e-05,
    3.3112002711277455e-05,
    2.8252205083845183e-05,
    6.67613567202352e-05,
    9.385553858010098e-05,
    3.278380609117448e-05,
    9.575983131071553e-05,
    3.106256190221757e-05,
    8.534901280654594e-05,
    0.00016170823073480278
  ],
  "labels": [
    "Eq 1",
    "Eq 2",
    "Eq 3",
    "Eq 4",
    "Eq 5",
    "Eq 6",
    "Eq 7",
    "Eq 8",
    "Eq 9",
    "Eq 10",
    "Eq 11",
    "Eq 12",
    "Eq 13",
    "Eq 14",
    "Eq 15",
    "Eq 16",
    "Eq 17",
    "Eq 18",
    "Eq 19",
    "Eq 20",
    "Eq 21",
    "Eq 22",
    "Eq 23",
    "Eq 24",
    "Eq 25",
    "Eq 26",
    "Eq 27",
    "Eq 28",
    "Eq 29",
    "Eq 30",
    "Eq 31",
    "Eq 32",
    "Eq 33",
    "Eq 34",
    "Eq 35",
    "Eq 36",
    "Eq 37",
    "Eq 38",
    "Eq 39",
    "Eq 40",
    "Eq 41",
    "Eq 42",
    "Eq 43",
    "Eq 44",
    "Eq 45",
    "Eq 46",
    "Eq 47",
    "Eq 48",
    "Eq 49"
  ],
  "best_equilibrium_welfare": 0.00016170823073480278,
  "worst_equilibrium_welfare": -6.966391083551571e-06,
  "welfare_variance": 9.876733987054092e-10,
  "analysis_type": "role_symmetric"
}