{
  "welfare_data": [
    0.004438331350684166,
    0.01285011600703001,
    0.03905162960290909,
    0.1430276483297348,
    3.6331183910369873,
    3.6943562030792236,
    5.847682952880859,
    22.34049415588379,
    15.493337631225586,
    22.06918716430664,
    169.44239807128906,
    42.43323516845703,
    58.177093505859375,
    133.20668029785156
  ],
  "labels": [
    "Eq 1",
    "Eq 2",
    "Eq 3",
    "Eq 4",
    "Eq 5",
    "Eq 6",
    "Eq 7",
    "Eq 8",
    "Eq 9",
    "Eq 10",
    "Eq 11",
    "Eq 12",
    "Eq 13",
    "Eq 14"
  ],
  "best_equilibrium_welfare": 169.44239807128906,
  "worst_equilibrium_welfare": 0.004438331350684166,
  "welfare_variance": 2621.9015648153995,
  "analysis_type": "role_symmetric"
}