{
  "welfare_data": [
    7.945357083372073e-08,
    0.0,
    0.0,
    0.0,
    0.0,
    0.0,
    0.0,
    0.0,
    0.0,
    0.0,
    5.234506946817652e-13,
    5.5255387938768497e-14,
    4.317050189550642e-13,
    0.0,
    2.3592239273284576e-16,
    -2.7755575615628914e-16,
    -7.771561172376096e-16,
    2.220446049250313e-15,
    1.865174681370263e-14,
    -2.842170943040401e-14,
    -7.815970093361102e-14,
    1.2789769243681803e-13,
    3.126388037344441e-13,
    -7.389644451905042e-13,
    -1.1368683772161603e-12,
    -1.5916157281026244e-12,
    9.094947017729282e-13,
    1.3642420526593924e-12,
    6.366462912410498e-12,
    3.637978807091713e-12,
    -5.4569682106375694e-12,
    -1.2732925824820995e-11,
    -2.546585164964199e-11,
    3.637978807091713e-11,
    2.1827872842550278e-11,
    -2.1827872842550278e-11,
    1.4551915228366852e-11,
    7.275957614183426e-11,
    2.9103830456733704e-11,
    0.0,
    1.7462298274040222e-10,
    -5.238689482212067e-10,
    4.656612873077393e-10,
    -2.3283064365386963e-10,
    4.0745362639427185e-10,
    9.313225746154785e-10
  ],
  "labels": [
    "Eq 1",
    "Eq 2",
    "Eq 3",
    "Eq 4",
    "Eq 5",
    "Eq 6",
    "Eq 7",
    "Eq 8",
    "Eq 9",
    "Eq 10",
    "Eq 11",
    "Eq 12",
    "Eq 13",
    "Eq 14",
    "Eq 15",
    "Eq 16",
    "Eq 17",
    "Eq 18",
    "Eq 19",
    "Eq 20",
    "Eq 21",
    "Eq 22",
    "Eq 23",
    "Eq 24",
    "Eq 25",
    "Eq 26",
    "Eq 27",
    "Eq 28",
    "Eq 29",
    "Eq 30",
    "Eq 31",
    "Eq 32",
    "Eq 33",
    "Eq 34",
    "Eq 35",
    "Eq 36",
    "Eq 37",
    "Eq 38",
    "Eq 39",
    "Eq 40",
    "Eq 41",
    "Eq 42",
    "Eq 43",
    "Eq 44",
    "Eq 45",
    "Eq 46"
  ],
  "best_equilibrium_welfare": 7.945357083372073e-08,
  "worst_equilibrium_welfare": -5.238689482212067e-10,
  "welfare_variance": 1.3418649032616715e-16,
  "analysis_type": "role_symmetric"
}