{
  "welfare_data": [
    2.2961994545767084e-06,
    0.002793496008962393,
    0.005043890792876482,
    0.0,
    0.18220748007297516,
    0.22348643839359283,
    0.2570536136627197,
    0.0038670897483825684,
    0.01077137142419815,
    0.03208141028881073,
    0.1168968454003334,
    4.79192590713501,
    3.019404888153076,
    12.662293434143066,
    18.10745620727539,
    34.89858627319336,
    18.25893783569336,
    45.436466217041016,
    104.5400390625,
    136.22109985351562
  ],
  "labels": [
    "Eq 1",
    "Eq 2",
    "Eq 3",
    "Eq 4",
    "Eq 5",
    "Eq 6",
    "Eq 7",
    "Eq 8",
    "Eq 9",
    "Eq 10",
    "Eq 11",
    "Eq 12",
    "Eq 13",
    "Eq 14",
    "Eq 15",
    "Eq 16",
    "Eq 17",
    "Eq 18",
    "Eq 19",
    "Eq 20"
  ],
  "best_equilibrium_welfare": 136.22109985351562,
  "worst_equilibrium_welfare": 0.0,
  "welfare_variance": 1322.3843091956442,
  "analysis_type": "role_symmetric"
}