{
  "welfare_data": [
    1.0170517725782702e-06,
    0.0028770994395017624,
    0.006404361221939325,
    0.0,
    0.23663973808288574,
    0.22988839447498322,
    0.24266189336776733
  ],
  "labels": [
    "Eq 1",
    "Eq 2",
    "Eq 3",
    "Eq 4",
    "Eq 5",
    "Eq 6",
    "Eq 7"
  ],
  "best_equilibrium_welfare": 0.24266189336776733,
  "worst_equilibrium_welfare": 0.0,
  "welfare_variance": 0.013433982748131595,
  "analysis_type": "role_symmetric"
}