{
  "strategy_names": [
    "MELO_0_100",
    "MELO_100_0"
  ],
  "num_strategies": 2,
  "num_players": 10,
  "payoff_matrix": [
    [
      -1.0730364322662354,
      0.6948197484016418,
      -0.5891355276107788,
      0.1709069311618805,
      0.0,
      1.0423551797866821,
      -0.030498353764414787,
      0.9993860721588135,
      -3.1309337615966797,
      0.1422693282365799,
      0.47320374846458435
    ],
    [
      -0.40533819794654846,
      -1.023719072341919,
      -0.6087098121643066,
      -0.5445792078971863,
      0.20375436544418335,
      0.0,
      -0.5731223821640015,
      -1.1265870332717896,
      -0.2557373642921448,
      -0.9880611300468445,
      -0.46297964453697205
    ]
  ],
  "game_metadata": {
    "payoff_mean": 24191.731855468755,
    "payoff_std": 7726.683006672842
  },
  "total_profiles_simulated": 11,
  "profiles_per_strategy_combination": {
    "[('MELO_0_100', 2), ('MELO_100_0', 8)]": 1,
    "[('MELO_0_100', 9), ('MELO_100_0', 1)]": 1,
    "[('MELO_0_100', 3), ('MELO_100_0', 7)]": 1,
    "[('MELO_0_100', 4), ('MELO_100_0', 6)]": 1,
    "[('MELO_100_0', 10)]": 1,
    "[('MELO_0_100', 10)]": 1,
    "[('MELO_0_100', 5), ('MELO_100_0', 5)]": 1,
    "[('MELO_0_100', 8), ('MELO_100_0', 2)]": 1,
    "[('MELO_0_100', 1), ('MELO_100_0', 9)]": 1,
    "[('MELO_0_100', 7), ('MELO_100_0', 3)]": 1,
    "[('MELO_0_100', 6), ('MELO_100_0', 4)]": 1
  }
}