{
  "welfare_data": [
    -3.395204203116009e-06,
    1.7367715372529346e-06,
    1.5159175745793618e-06,
    -5.614964222744323e-12,
    2.25953677990276e-09,
    4.565242051057794e-08,
    3.120223013297618e-08,
    4.000625963840321e-08,
    4.919235152556212e-08,
    8.332743561823008e-08,
    3.107670636381954e-07,
    2.4084769734145084e-07,
    2.586102993973327e-07,
    8.722543043404585e-07,
    1.524983190392959e-06,
    3.4450505381755647e-07,
    6.942655090824701e-07,
    6.023105925123673e-07,
    6.996017873461824e-06,
    7.402659775834763e-06,
    3.7575016449409304e-06,
    4.868854375672527e-06,
    4.7516114136669785e-06,
    4.07624020226649e-06,
    8.214936997319455e-07,
    1.797403638192918e-05,
    -4.101507329323795e-06,
    7.469390766345896e-06,
    1.0179040145885665e-05,
    3.4829714422812685e-05,
    1.9696490198839456e-05,
    3.37630626745522e-05,
    2.018527993641328e-05,
    -9.812430334932287e-07,
    5.8402831200510263e-05,
    1.0216025657427963e-05,
    1.7929547539097257e-05,
    3.6125522456131876e-05,
    0.001059969188645482,
    0.00012278661597520113,
    0.00016289568156935275,
    2.1218878828221932e-05,
    0.0003921816241927445,
    0.00036310116411186755,
    8.66214613779448e-05,
    0.00012784986756742,
    0.00015226693358272314,
    0.0001595550711499527,
    0.0005733233410865068,
    0.0004150533932261169,
    0.0005017042276449502,
    0.00012831497588194907,
    0.00013791456876788288,
    0.0009309829911217093,
    0.0006010210490785539
  ],
  "labels": [
    "Eq 1",
    "Eq 2",
    "Eq 3",
    "Eq 4",
    "Eq 5",
    "Eq 6",
    "Eq 7",
    "Eq 8",
    "Eq 9",
    "Eq 10",
    "Eq 11",
    "Eq 12",
    "Eq 13",
    "Eq 14",
    "Eq 15",
    "Eq 16",
    "Eq 17",
    "Eq 18",
    "Eq 19",
    "Eq 20",
    "Eq 21",
    "Eq 22",
    "Eq 23",
    "Eq 24",
    "Eq 25",
    "Eq 26",
    "Eq 27",
    "Eq 28",
    "Eq 29",
    "Eq 30",
    "Eq 31",
    "Eq 32",
    "Eq 33",
    "Eq 34",
    "Eq 35",
    "Eq 36",
    "Eq 37",
    "Eq 38",
    "Eq 39",
    "Eq 40",
    "Eq 41",
    "Eq 42",
    "Eq 43",
    "Eq 44",
    "Eq 45",
    "Eq 46",
    "Eq 47",
    "Eq 48",
    "Eq 49",
    "Eq 50",
    "Eq 51",
    "Eq 52",
    "Eq 53",
    "Eq 54",
    "Eq 55"
  ],
  "best_equilibrium_welfare": 0.001059969188645482,
  "worst_equilibrium_welfare": -4.101507329323795e-06,
  "welfare_variance": 5.166872302235332e-08,
  "analysis_type": "role_symmetric"
}