{
  "welfare_data": [
    0.0,
    2.0724726255139103e-06
  ],
  "labels": [
    "Eq 1",
    "Eq 2"
  ],
  "best_equilibrium_welfare": 2.0724726255139103e-06,
  "worst_equilibrium_welfare": 0.0,
  "welfare_variance": 1.0737856958761302e-12,
  "analysis_type": "role_symmetric"
}