{
  "welfare_data": [
    0.0,
    0.3611622452735901
  ],
  "labels": [
    "Eq 1",
    "Eq 2"
  ],
  "best_equilibrium_welfare": 0.3611622452735901,
  "worst_equilibrium_welfare": 0.0,
  "welfare_variance": 0.03260954185276521,
  "analysis_type": "role_symmetric"
}