{
  "welfare_data": [
    2.2489218736154726e-06,
    0.002940492006018758,
    0.005566142033785582,
    0.0,
    0.21851685643196106,
    0.22875036299228668,
    0.2377113401889801
  ],
  "labels": [
    "Eq 1",
    "Eq 2",
    "Eq 3",
    "Eq 4",
    "Eq 5",
    "Eq 6",
    "Eq 7"
  ],
  "best_equilibrium_welfare": 0.2377113401889801,
  "worst_equilibrium_welfare": 0.0,
  "welfare_variance": 0.012559872461594205,
  "analysis_type": "role_symmetric"
}