{
  "welfare_data": [
    0.0,
    0.0,
    0.0,
    0.0,
    0.0,
    0.0,
    0.0,
    0.0,
    0.0,
    0.0,
    0.0,
    0.0,
    0.0,
    0.8436588048934937,
    0.8516330718994141,
    0.0,
    0.0,
    0.006664746440947056,
    2.635706901550293
  ],
  "labels": [
    "Eq 1",
    "Eq 2",
    "Eq 3",
    "Eq 4",
    "Eq 5",
    "Eq 6",
    "Eq 7",
    "Eq 8",
    "Eq 9",
    "Eq 10",
    "Eq 11",
    "Eq 12",
    "Eq 13",
    "Eq 14",
    "Eq 15",
    "Eq 16",
    "Eq 17",
    "Eq 18",
    "Eq 19"
  ],
  "best_equilibrium_welfare": 2.635706901550293,
  "worst_equilibrium_welfare": 0.0,
  "welfare_variance": 0.38914495276135014,
  "analysis_type": "role_symmetric"
}