{
  "welfare_data": [
    1.1677601605697419e-06,
    0.0029088102746754885,
    0.0062415418215096,
    0.0,
    0.2413996458053589,
    0.22710025310516357,
    0.24188879132270813,
    0.0,
    0.0,
    0.0,
    0.0,
    65.78108215332031,
    0.0,
    326.3441162109375,
    0.007930764928460121,
    7.553845193797315e-07,
    1.766224522725679e-05
  ],
  "labels": [
    "Eq 1",
    "Eq 2",
    "Eq 3",
    "Eq 4",
    "Eq 5",
    "Eq 6",
    "Eq 7",
    "Eq 8",
    "Eq 9",
    "Eq 10",
    "Eq 11",
    "Eq 12",
    "Eq 13",
    "Eq 14",
    "Eq 15",
    "Eq 16",
    "Eq 17"
  ],
  "best_equilibrium_welfare": 326.3441162109375,
  "worst_equilibrium_welfare": 0.0,
  "welfare_variance": 5985.257404577767,
  "analysis_type": "role_symmetric"
}