{
  "welfare_data": [
    0.0,
    4.2126226951211265e-09,
    -6.245342909494411e-09,
    -5.196708618981916e-10,
    -2.6056818569486495e-06,
    2.6657504349714145e-05,
    -4.075410106452182e-05,
    -0.00025850720703601837,
    0.00574766518548131,
    0.005773260723799467,
    -0.008278751745820045
  ],
  "labels": [
    "Eq 1",
    "Eq 2",
    "Eq 3",
    "Eq 4",
    "Eq 5",
    "Eq 6",
    "Eq 7",
    "Eq 8",
    "Eq 9",
    "Eq 10",
    "Eq 11"
  ],
  "best_equilibrium_welfare": 0.005773260723799467,
  "worst_equilibrium_welfare": -0.008278751745820045,
  "welfare_variance": 1.2197533530597605e-05,
  "analysis_type": "role_symmetric"
}