{
  "welfare_data": [
    -8.201837999877171e-07,
    -5.7623892644187436e-06
  ],
  "labels": [
    "Eq 1",
    "Eq 2"
  ],
  "best_equilibrium_welfare": -8.201837999877171e-07,
  "worst_equilibrium_welfare": -5.7623892644187436e-06,
  "welfare_variance": 6.1063487131629745e-12,
  "analysis_type": "role_symmetric"
}