{
  "welfare_data": [
    0.000766344484873116
  ],
  "labels": [
    "Eq 1"
  ],
  "best_equilibrium_welfare": 0.000766344484873116,
  "worst_equilibrium_welfare": 0.000766344484873116,
  "welfare_variance": 0,
  "analysis_type": "role_symmetric"
}