{
  "strategy_names": [
    "MELO_0_100",
    "MELO_100_0"
  ],
  "num_strategies": 2,
  "num_players": 10,
  "payoff_matrix": [
    [
      0.5277646780014038,
      -0.32772648334503174,
      -0.200086310505867,
      -0.0026234060060232878,
      0.9465188980102539,
      0.0,
      -0.05753590166568756,
      0.23545384407043457,
      0.6962785124778748,
      0.1517634391784668,
      -0.9495394825935364
    ],
    [
      0.9648803472518921,
      -0.6902302503585815,
      -0.637544572353363,
      0.6006447076797485,
      0.0,
      -0.418396919965744,
      0.5669212937355042,
      -0.808766782283783,
      0.7474061846733093,
      -0.36251696944236755,
      -0.27467095851898193
    ]
  ],
  "game_metadata": {
    "payoff_mean": 24654.33913002708,
    "payoff_std": 7460.9396574255825
  },
  "total_profiles_simulated": 11,
  "profiles_per_strategy_combination": {
    "[('MELO_0_100', 8), ('MELO_100_0', 2)]": 1,
    "[('MELO_0_100', 1), ('MELO_100_0', 9)]": 1,
    "[('MELO_0_100', 7), ('MELO_100_0', 3)]": 1,
    "[('MELO_0_100', 6), ('MELO_100_0', 4)]": 1,
    "[('MELO_0_100', 10)]": 1,
    "[('MELO_100_0', 10)]": 1,
    "[('MELO_0_100', 5), ('MELO_100_0', 5)]": 1,
    "[('MELO_0_100', 2), ('MELO_100_0', 8)]": 1,
    "[('MELO_0_100', 9), ('MELO_100_0', 1)]": 1,
    "[('MELO_0_100', 3), ('MELO_100_0', 7)]": 1,
    "[('MELO_0_100', 4), ('MELO_100_0', 6)]": 1
  }
}