{
  "strategy_names": [
    "MELO_0_100",
    "MELO_100_0"
  ],
  "num_strategies": 2,
  "num_players": 10,
  "payoff_matrix": [
    [
      -0.16885800659656525,
      -0.09060218930244446,
      0.4365045130252838,
      -0.2827567458152771,
      0.8614402413368225,
      0.0,
      0.51687091588974,
      -0.619979977607727,
      0.45280584692955017,
      0.44291916489601135,
      -0.9809103012084961
    ],
    [
      0.19471929967403412,
      -0.5132796764373779,
      0.06275429576635361,
      -0.28573480248451233,
      0.0,
      0.09260691702365875,
      0.3768620193004608,
      -0.5592167973518372,
      -0.27273425459861755,
      -0.2886079251766205,
      -0.3692651689052582
    ]
  ],
  "game_metadata": {
    "payoff_mean": 22089.282498446377,
    "payoff_std": 15749.452174875303
  },
  "total_profiles_simulated": 11,
  "profiles_per_strategy_combination": {
    "[('MELO_0_100', 8), ('MELO_100_0', 2)]": 1,
    "[('MELO_0_100', 1), ('MELO_100_0', 9)]": 1,
    "[('MELO_0_100', 7), ('MELO_100_0', 3)]": 1,
    "[('MELO_0_100', 6), ('MELO_100_0', 4)]": 1,
    "[('MELO_0_100', 10)]": 1,
    "[('MELO_100_0', 10)]": 1,
    "[('MELO_0_100', 5), ('MELO_100_0', 5)]": 1,
    "[('MELO_0_100', 2), ('MELO_100_0', 8)]": 1,
    "[('MELO_0_100', 9), ('MELO_100_0', 1)]": 1,
    "[('MELO_0_100', 3), ('MELO_100_0', 7)]": 1,
    "[('MELO_0_100', 4), ('MELO_100_0', 6)]": 1
  }
}