{
  "welfare_data": [
    -2.915291588578839e-06,
    1.5958372614477412e-06,
    -4.519457724727616e-11,
    2.6643753869848297e-08,
    6.330603952164893e-08,
    9.965694403035741e-08,
    4.4115012087786454e-08,
    1.680169106066387e-07,
    1.5775479766944045e-07,
    1.0648955139913596e-06,
    5.003646492696134e-07,
    1.7193614212374086e-06,
    2.783678382911603e-06,
    3.232316430512583e-06,
    4.995993094780715e-06,
    2.4279174226649047e-07,
    7.16555405233521e-06,
    9.518364095129073e-06,
    2.020370175159769e-06,
    6.831162863818463e-06,
    6.62384422867035e-07,
    4.802208195542335e-07,
    9.704986950964667e-06,
    2.652831608429551e-05,
    1.830488872656133e-05,
    1.6897278328542598e-05,
    3.0408309612539597e-05,
    2.462152042426169e-05,
    6.858420965727419e-05,
    7.193158671725541e-05,
    -2.9904445000283886e-06,
    7.175310020102188e-05,
    1.7109112377511337e-05,
    6.974019925110042e-05,
    6.645001121796668e-05,
    0.00014831448788754642,
    -0.0006274515180848539,
    0.00037245312705636024,
    9.195749589707702e-05,
    0.00010051587014459074,
    0.00010346258932258934,
    0.00034843917819671333,
    0.00039956896216608584,
    0.00017223873874172568
  ],
  "labels": [
    "Eq 1",
    "Eq 2",
    "Eq 3",
    "Eq 4",
    "Eq 5",
    "Eq 6",
    "Eq 7",
    "Eq 8",
    "Eq 9",
    "Eq 10",
    "Eq 11",
    "Eq 12",
    "Eq 13",
    "Eq 14",
    "Eq 15",
    "Eq 16",
    "Eq 17",
    "Eq 18",
    "Eq 19",
    "Eq 20",
    "Eq 21",
    "Eq 22",
    "Eq 23",
    "Eq 24",
    "Eq 25",
    "Eq 26",
    "Eq 27",
    "Eq 28",
    "Eq 29",
    "Eq 30",
    "Eq 31",
    "Eq 32",
    "Eq 33",
    "Eq 34",
    "Eq 35",
    "Eq 36",
    "Eq 37",
    "Eq 38",
    "Eq 39",
    "Eq 40",
    "Eq 41",
    "Eq 42",
    "Eq 43",
    "Eq 44"
  ],
  "best_equilibrium_welfare": 0.00039956896216608584,
  "worst_equilibrium_welfare": -0.0006274515180848539,
  "welfare_variance": 1.9571945575794072e-08,
  "analysis_type": "role_symmetric"
}