{
  "welfare_data": [
    1.1055420827688067e-06,
    0.003146389266476035,
    0.0060094729997217655,
    0.0,
    0.247933492064476,
    0.22233451902866364,
    0.24487876892089844,
    0.005795914214104414,
    0.01413001399487257,
    0.038076452910900116,
    0.14093182981014252,
    5.616548538208008,
    21.23991584777832,
    15.265839576721191,
    41.058746337890625,
    3.6402201652526855,
    55.33182907104492,
    22.013141632080078,
    127.16873931884766,
    164.82261657714844
  ],
  "labels": [
    "Eq 1",
    "Eq 2",
    "Eq 3",
    "Eq 4",
    "Eq 5",
    "Eq 6",
    "Eq 7",
    "Eq 8",
    "Eq 9",
    "Eq 10",
    "Eq 11",
    "Eq 12",
    "Eq 13",
    "Eq 14",
    "Eq 15",
    "Eq 16",
    "Eq 17",
    "Eq 18",
    "Eq 19",
    "Eq 20"
  ],
  "best_equilibrium_welfare": 164.82261657714844,
  "worst_equilibrium_welfare": 0.0,
  "welfare_variance": 1942.6709117673595,
  "analysis_type": "role_symmetric"
}