{
  "num_equilibria": 1,
  "regrets": [
    0.0
  ],
  "avg_support_size": 2.0,
  "min_support_size": 2,
  "max_support_size": 2,
  "strategy_frequencies": {
    "MELO_0_100": 0.5982595086097717,
    "MELO_100_0": 0.40174049139022827
  },
  "top_strategies": [
    [
      "MELO_0_100",
      0.5982595086097717
    ],
    [
      "MELO_100_0",
      0.40174049139022827
    ]
  ]
}