{
  "welfare_data": [
    1.5832642930035945e-06,
    8.771494321990758e-07,
    1.5087182418938028e-06,
    -0.00064423109870404,
    1.4122558233964355e-08
  ],
  "labels": [
    "Eq 1",
    "Eq 2",
    "Eq 3",
    "Eq 4",
    "Eq 5"
  ],
  "best_equilibrium_welfare": 1.5832642930035945e-06,
  "worst_equilibrium_welfare": -0.00064423109870404,
  "welfare_variance": 6.66111601378891e-08,
  "analysis_type": "role_symmetric"
}