{
  "welfare_data": [
    7.623965939274058e-05
  ],
  "labels": [
    "Eq 1"
  ],
  "best_equilibrium_welfare": 7.623965939274058e-05,
  "worst_equilibrium_welfare": 7.623965939274058e-05,
  "welfare_variance": 0,
  "analysis_type": "role_symmetric"
}