{
  "welfare_data": [
    0.0,
    0.0,
    0.0,
    0.0,
    0.0,
    0.001101065194234252,
    0.0026563385035842657,
    0.019133957102894783,
    0.008013205602765083,
    0.017190100625157356,
    0.0016027954407036304,
    0.06048686057329178,
    0.09684976935386658,
    0.07748248428106308,
    0.1404474526643753,
    0.45883098244667053
  ],
  "labels": [
    "Eq 1",
    "Eq 2",
    "Eq 3",
    "Eq 4",
    "Eq 5",
    "Eq 6",
    "Eq 7",
    "Eq 8",
    "Eq 9",
    "Eq 10",
    "Eq 11",
    "Eq 12",
    "Eq 13",
    "Eq 14",
    "Eq 15",
    "Eq 16"
  ],
  "best_equilibrium_welfare": 0.45883098244667053,
  "worst_equilibrium_welfare": 0.0,
  "welfare_variance": 0.012575733515640345,
  "analysis_type": "role_symmetric"
}