{
  "welfare_data": [
    0.00017274616402573884
  ],
  "labels": [
    "Eq 1"
  ],
  "best_equilibrium_welfare": 0.00017274616402573884,
  "worst_equilibrium_welfare": 0.00017274616402573884,
  "welfare_variance": 0,
  "analysis_type": "role_symmetric"
}