{
  "welfare_data": [
    0.0001693206577328965
  ],
  "labels": [
    "Eq 1"
  ],
  "best_equilibrium_welfare": 0.0001693206577328965,
  "worst_equilibrium_welfare": 0.0001693206577328965,
  "welfare_variance": 0,
  "analysis_type": "role_symmetric"
}