{
  "welfare_data": [
    -0.00106329214759171
  ],
  "labels": [
    "Eq 1"
  ],
  "best_equilibrium_welfare": -0.00106329214759171,
  "worst_equilibrium_welfare": -0.00106329214759171,
  "welfare_variance": 0,
  "analysis_type": "role_symmetric"
}