{
  "welfare_data": [
    1.0947923101412016e-06,
    0.0026107635349035263,
    0.0063849445432424545,
    0.0,
    0.26557546854019165,
    0.23139549791812897,
    0.2338050752878189,
    0.00018000330601353198,
    0.005804593674838543,
    0.013986637815833092,
    0.03715526685118675,
    0.13458284735679626,
    5.459090709686279,
    14.579095840454102,
    3.4762258529663086,
    20.533031463623047,
    162.22633361816406,
    21.021446228027344,
    57.34242630004883,
    39.15874481201172,
    130.67352294921875
  ],
  "labels": [
    "Eq 1",
    "Eq 2",
    "Eq 3",
    "Eq 4",
    "Eq 5",
    "Eq 6",
    "Eq 7",
    "Eq 8",
    "Eq 9",
    "Eq 10",
    "Eq 11",
    "Eq 12",
    "Eq 13",
    "Eq 14",
    "Eq 15",
    "Eq 16",
    "Eq 17",
    "Eq 18",
    "Eq 19",
    "Eq 20",
    "Eq 21"
  ],
  "best_equilibrium_welfare": 162.22633361816406,
  "worst_equilibrium_welfare": 0.0,
  "welfare_variance": 1878.9009527936373,
  "analysis_type": "role_symmetric"
}