{
  "welfare_data": [
    0.0,
    0.0,
    0.0,
    0.0,
    0.0,
    0.0010651779593899846,
    0.0026162341237068176,
    0.008968321606516838,
    0.01854102686047554,
    0.03276040405035019,
    0.0013562197564169765,
    0.01696520857512951,
    0.0079656345769763,
    0.07637389004230499,
    0.0043459702283144,
    0.0475265309214592,
    0.06121561676263809,
    0.09787853062152863,
    0.16002684831619263,
    0.16152052581310272,
    1.2055702209472656,
    0.5339999198913574,
    5.923079967498779,
    7.821969032287598
  ],
  "labels": [
    "Eq 1",
    "Eq 2",
    "Eq 3",
    "Eq 4",
    "Eq 5",
    "Eq 6",
    "Eq 7",
    "Eq 8",
    "Eq 9",
    "Eq 10",
    "Eq 11",
    "Eq 12",
    "Eq 13",
    "Eq 14",
    "Eq 15",
    "Eq 16",
    "Eq 17",
    "Eq 18",
    "Eq 19",
    "Eq 20",
    "Eq 21",
    "Eq 22",
    "Eq 23",
    "Eq 24"
  ],
  "best_equilibrium_welfare": 7.821969032287598,
  "worst_equilibrium_welfare": 0.0,
  "welfare_variance": 3.631939932117074,
  "analysis_type": "role_symmetric"
}