{
  "welfare_data": [
    3.830688910966273e-06,
    -5.77381160837831e-06
  ],
  "labels": [
    "Eq 1",
    "Eq 2"
  ],
  "best_equilibrium_welfare": 3.830688910966273e-06,
  "worst_equilibrium_welfare": -5.77381160837831e-06,
  "welfare_variance": 2.3061607556522592e-11,
  "analysis_type": "role_symmetric"
}