{
  "strategy_names": [
    "MELO_0_100",
    "MELO_100_0"
  ],
  "num_strategies": 2,
  "num_players": 10,
  "payoff_matrix": [
    [
      -0.8963488340377808,
      0.9995430111885071,
      -1.4182348251342773,
      -0.7435122132301331,
      0.0,
      1.1203818321228027,
      0.34455186128616333,
      0.8301536440849304,
      -3.19997239112854,
      0.6022076606750488,
      0.2819846272468567
    ],
    [
      -0.4295378625392914,
      -0.921261727809906,
      -0.3004947006702423,
      -0.553178071975708,
      -0.1310911923646927,
      0.0,
      -0.4658832550048828,
      -0.6333891749382019,
      -0.18311524391174316,
      -0.6835166215896606,
      -0.9659603834152222
    ]
  ],
  "game_metadata": {
    "payoff_mean": 24041.214571422228,
    "payoff_std": 7512.944203752555
  },
  "total_profiles_simulated": 11,
  "profiles_per_strategy_combination": {
    "[('MELO_0_100', 2), ('MELO_100_0', 8)]": 1,
    "[('MELO_0_100', 9), ('MELO_100_0', 1)]": 1,
    "[('MELO_0_100', 3), ('MELO_100_0', 7)]": 1,
    "[('MELO_0_100', 4), ('MELO_100_0', 6)]": 1,
    "[('MELO_100_0', 10)]": 1,
    "[('MELO_0_100', 10)]": 1,
    "[('MELO_0_100', 5), ('MELO_100_0', 5)]": 1,
    "[('MELO_0_100', 8), ('MELO_100_0', 2)]": 1,
    "[('MELO_0_100', 1), ('MELO_100_0', 9)]": 1,
    "[('MELO_0_100', 7), ('MELO_100_0', 3)]": 1,
    "[('MELO_0_100', 6), ('MELO_100_0', 4)]": 1
  }
}