{
  "welfare_data": [
    0.0,
    2.7314051020965735e-10,
    -6.56081553529475e-08,
    1.351400271687453e-07,
    -1.2244194067534409e-06,
    -2.034341923717875e-05,
    2.482928175595589e-05,
    0.00014839532377664,
    0.00014427915448322892,
    0.0006591459969058633,
    -0.00014284630015026778,
    0.0002651549584697932,
    -0.0007627125596627593
  ],
  "labels": [
    "Eq 1",
    "Eq 2",
    "Eq 3",
    "Eq 4",
    "Eq 5",
    "Eq 6",
    "Eq 7",
    "Eq 8",
    "Eq 9",
    "Eq 10",
    "Eq 11",
    "Eq 12",
    "Eq 13"
  ],
  "best_equilibrium_welfare": 0.0006591459969058633,
  "worst_equilibrium_welfare": -0.0007627125596627593,
  "welfare_variance": 8.79357808734725e-08,
  "analysis_type": "role_symmetric"
}