{
  "welfare_data": [
    4.862147761741653e-06,
    -5.141580004419666e-06
  ],
  "labels": [
    "Eq 1",
    "Eq 2"
  ],
  "best_equilibrium_welfare": 4.862147761741653e-06,
  "worst_equilibrium_welfare": -5.141580004419666e-06,
  "welfare_variance": 2.5018642304866733e-11,
  "analysis_type": "role_symmetric"
}