{
  "welfare_data": [
    0.0003759904357139021,
    0.0003759904357139021
  ],
  "labels": [
    "Eq 1",
    "Eq 2"
  ],
  "best_equilibrium_welfare": 0.0003759904357139021,
  "worst_equilibrium_welfare": 0.0003759904357139021,
  "welfare_variance": 0.0,
  "analysis_type": "role_symmetric"
}