{
  "welfare_data": [
    8.735075311960827e-07,
    0.003102340502664447,
    0.005204928573220968,
    0.0,
    0.1966172754764557,
    0.2196265608072281,
    0.22185984253883362,
    0.00019897993479389697,
    0.10382337868213654,
    0.005373362917453051,
    0.013758164830505848,
    0.0385226234793663,
    2.6817238330841064,
    16.216907501220703,
    5.7020263671875,
    11.249341011047363,
    21.517011642456055,
    134.7359161376953,
    41.28114318847656,
    53.17686080932617,
    119.13912963867188
  ],
  "labels": [
    "Eq 1",
    "Eq 2",
    "Eq 3",
    "Eq 4",
    "Eq 5",
    "Eq 6",
    "Eq 7",
    "Eq 8",
    "Eq 9",
    "Eq 10",
    "Eq 11",
    "Eq 12",
    "Eq 13",
    "Eq 14",
    "Eq 15",
    "Eq 16",
    "Eq 17",
    "Eq 18",
    "Eq 19",
    "Eq 20",
    "Eq 21"
  ],
  "best_equilibrium_welfare": 134.7359161376953,
  "worst_equilibrium_welfare": 0.0,
  "welfare_variance": 1423.961310203753,
  "analysis_type": "role_symmetric"
}