{
  "strategy_names": [
    "MELO_0_100",
    "MELO_100_0"
  ],
  "num_strategies": 2,
  "num_players": 10,
  "payoff_matrix": [
    [
      0.41245365142822266,
      -0.28635284304618835,
      -0.05634066089987755,
      -0.3328082263469696,
      1.2790471315383911,
      0.0,
      -1.0515193939208984,
      -0.44930124282836914,
      1.0975959300994873,
      -0.6440161466598511,
      -0.7625876665115356
    ],
    [
      0.531606912612915,
      -0.6406906247138977,
      0.9906229972839355,
      0.304799884557724,
      0.0,
      -0.276968777179718,
      0.49101752042770386,
      -0.8334457874298096,
      0.9335069060325623,
      -0.6855999827384949,
      -0.13208089768886566
    ]
  ],
  "game_metadata": {
    "payoff_mean": 23487.969539935024,
    "payoff_std": 5596.536158827766
  },
  "total_profiles_simulated": 11,
  "profiles_per_strategy_combination": {
    "[('MELO_0_100', 8), ('MELO_100_0', 2)]": 1,
    "[('MELO_0_100', 1), ('MELO_100_0', 9)]": 1,
    "[('MELO_0_100', 7), ('MELO_100_0', 3)]": 1,
    "[('MELO_0_100', 6), ('MELO_100_0', 4)]": 1,
    "[('MELO_0_100', 10)]": 1,
    "[('MELO_100_0', 10)]": 1,
    "[('MELO_0_100', 5), ('MELO_100_0', 5)]": 1,
    "[('MELO_0_100', 2), ('MELO_100_0', 8)]": 1,
    "[('MELO_0_100', 9), ('MELO_100_0', 1)]": 1,
    "[('MELO_0_100', 3), ('MELO_100_0', 7)]": 1,
    "[('MELO_0_100', 4), ('MELO_100_0', 6)]": 1
  }
}