{
  "strategy_names": [
    "MELO_0_100",
    "MELO_100_0"
  ],
  "num_strategies": 2,
  "num_players": 10,
  "payoff_matrix": [
    [
      0.08189230412244797,
      -0.38603678345680237,
      0.3609531819820404,
      -0.23829425871372223,
      0.9404313564300537,
      0.0,
      -0.38357850909233093,
      -0.0037633911706507206,
      0.5767335295677185,
      0.06393399089574814,
      -0.7501688599586487
    ],
    [
      0.9605923295021057,
      -0.38482388854026794,
      0.1146651953458786,
      -0.17781484127044678,
      0.0,
      -0.21320445835590363,
      0.08056160062551498,
      -0.3493179380893707,
      1.1104004383087158,
      -0.5236892700195312,
      -0.37298864126205444
    ]
  ],
  "game_metadata": {
    "payoff_mean": 23579.065118824354,
    "payoff_std": 7233.487612251357
  },
  "total_profiles_simulated": 11,
  "profiles_per_strategy_combination": {
    "[('MELO_0_100', 8), ('MELO_100_0', 2)]": 1,
    "[('MELO_0_100', 1), ('MELO_100_0', 9)]": 1,
    "[('MELO_0_100', 7), ('MELO_100_0', 3)]": 1,
    "[('MELO_0_100', 6), ('MELO_100_0', 4)]": 1,
    "[('MELO_0_100', 10)]": 1,
    "[('MELO_100_0', 10)]": 1,
    "[('MELO_0_100', 5), ('MELO_100_0', 5)]": 1,
    "[('MELO_0_100', 2), ('MELO_100_0', 8)]": 1,
    "[('MELO_0_100', 9), ('MELO_100_0', 1)]": 1,
    "[('MELO_0_100', 3), ('MELO_100_0', 7)]": 1,
    "[('MELO_0_100', 4), ('MELO_100_0', 6)]": 1
  }
}