{
  "welfare_data": [
    8.47469834752701e-07,
    0.0028786847833544016,
    0.005466572940349579,
    0.0,
    0.18319889903068542,
    0.21481947600841522,
    0.25094813108444214,
    0.005271133966743946,
    0.01374291442334652,
    0.09850724041461945,
    0.03903518244624138,
    2.5444092750549316,
    5.7769269943237305,
    41.42424392700195,
    10.673227310180664,
    21.755416870117188,
    15.386543273925781,
    1777.2052001953125,
    49.41027069091797,
    126.71768188476562,
    110.89865112304688
  ],
  "labels": [
    "Eq 1",
    "Eq 2",
    "Eq 3",
    "Eq 4",
    "Eq 5",
    "Eq 6",
    "Eq 7",
    "Eq 8",
    "Eq 9",
    "Eq 10",
    "Eq 11",
    "Eq 12",
    "Eq 13",
    "Eq 14",
    "Eq 15",
    "Eq 16",
    "Eq 17",
    "Eq 18",
    "Eq 19",
    "Eq 20",
    "Eq 21"
  ],
  "best_equilibrium_welfare": 1777.2052001953125,
  "worst_equilibrium_welfare": 0.0,
  "welfare_variance": 141387.02746395522,
  "analysis_type": "role_symmetric"
}