{
  "num_equilibria": 36,
  "regrets": [
    0.0,
    5.308097555403646e-33,
    1.567484761475326e-17,
    9.540365830673636e-09,
    1.8955597624881193e-07,
    2.2841288682684535e-07,
    2.3145480554376263e-07,
    2.4291250610986026e-07,
    2.594838406366762e-07,
    2.774290805973578e-07,
    3.189722974639153e-07,
    3.297795956314076e-07,
    6.857690095785074e-07,
    7.923326847958378e-07,
    8.668139344081283e-07,
    1.0541489245952107e-06,
    1.1310694389976561e-06,
    1.4484362509392668e-06,
    1.459614395571407e-06,
    1.7573320292285644e-06,
    2.063536157947965e-06,
    2.3427819542121142e-06,
    3.298384399386123e-06,
    5.028879968449473e-06,
    5.268595486995764e-06,
    6.728307198500261e-06,
    6.80131051922217e-06,
    1.2763513950631022e-05,
    1.3772296370007098e-05,
    1.534999319119379e-05,
    1.5444802556885406e-05,
    1.7069440218620002e-05,
    2.1872998331673443e-05,
    2.6251465897075832e-05,
    5.238578887656331e-05,
    0.0001864485675469041
  ],
  "avg_support_size": 2.8333333333333335,
  "min_support_size": 1,
  "max_support_size": 3,
  "strategy_frequencies": {
    "MELO_0_100": 0.36361074675288463,
    "MELO_100_0": 0.31332799926814103,
    "MELO_90_10": 0.3230612579370953
  },
  "top_strategies": [
    [
      "MELO_0_100",
      0.36361074675288463
    ],
    [
      "MELO_90_10",
      0.3230612579370953
    ],
    [
      "MELO_100_0",
      0.31332799926814103
    ]
  ]
}