{
  "welfare_data": [
    2.449088697176194e-06,
    -6.15293720329646e-06
  ],
  "labels": [
    "Eq 1",
    "Eq 2"
  ],
  "best_equilibrium_welfare": 2.449088697176194e-06,
  "worst_equilibrium_welfare": -6.15293720329646e-06,
  "welfare_variance": 1.8498712398100594e-11,
  "analysis_type": "role_symmetric"
}