{
  "welfare_data": [
    2.1040195861132815e-06,
    0.002608808223158121,
    0.005236615426838398,
    0.0,
    0.1889524757862091,
    0.22515670955181122,
    0.22788114845752716,
    0.00015226600226014853,
    0.009182321839034557,
    0.00320867239497602,
    0.027736708521842957,
    0.11415725201368332,
    2.9486429691314697,
    4.157731056213379,
    17.831024169921875,
    12.366267204284668,
    15.673179626464844,
    137.515625,
    30.166181564331055,
    48.555931091308594,
    110.66968536376953
  ],
  "labels": [
    "Eq 1",
    "Eq 2",
    "Eq 3",
    "Eq 4",
    "Eq 5",
    "Eq 6",
    "Eq 7",
    "Eq 8",
    "Eq 9",
    "Eq 10",
    "Eq 11",
    "Eq 12",
    "Eq 13",
    "Eq 14",
    "Eq 15",
    "Eq 16",
    "Eq 17",
    "Eq 18",
    "Eq 19",
    "Eq 20",
    "Eq 21"
  ],
  "best_equilibrium_welfare": 137.515625,
  "worst_equilibrium_welfare": 0.0,
  "welfare_variance": 1346.072552609592,
  "analysis_type": "role_symmetric"
}