{
  "welfare_data": [
    0.22588834166526794
  ],
  "labels": [
    "Eq 1"
  ],
  "best_equilibrium_welfare": 0.22588834166526794,
  "worst_equilibrium_welfare": 0.22588834166526794,
  "welfare_variance": 0,
  "analysis_type": "role_symmetric"
}