{
  "welfare_data": [
    1.201829718411318e-06,
    0.0028655333444476128,
    0.005652198102325201,
    0.0,
    0.23921151459217072,
    0.23015356063842773,
    0.21582873165607452,
    0.00538211315870285,
    0.014105717651546001,
    0.040230970829725266,
    0.1321553736925125,
    5.962564945220947,
    14.31645679473877,
    3.4135284423828125,
    22.432910919189453,
    20.642282485961914,
    56.927974700927734,
    159.96499633789062,
    42.71290969848633,
    129.58753967285156
  ],
  "labels": [
    "Eq 1",
    "Eq 2",
    "Eq 3",
    "Eq 4",
    "Eq 5",
    "Eq 6",
    "Eq 7",
    "Eq 8",
    "Eq 9",
    "Eq 10",
    "Eq 11",
    "Eq 12",
    "Eq 13",
    "Eq 14",
    "Eq 15",
    "Eq 16",
    "Eq 17",
    "Eq 18",
    "Eq 19",
    "Eq 20"
  ],
  "best_equilibrium_welfare": 159.96499633789062,
  "worst_equilibrium_welfare": 0.0,
  "welfare_variance": 1909.6575248339698,
  "analysis_type": "role_symmetric"
}