{
  "welfare_data": [
    2.0359821064630523e-06,
    0.0031133992597460747,
    0.005996072664856911,
    0.0,
    0.2588532865047455,
    0.21715708076953888,
    0.23284974694252014,
    0.4867287278175354,
    446.66546630859375,
    3657.070556640625,
    1.17811119556427,
    71.27915954589844,
    80.13105773925781,
    0.3849070370197296,
    0.029909132048487663,
    28.58843231201172,
    0.0009465521434322
  ],
  "labels": [
    "Eq 1",
    "Eq 2",
    "Eq 3",
    "Eq 4",
    "Eq 5",
    "Eq 6",
    "Eq 7",
    "Eq 8",
    "Eq 9",
    "Eq 10",
    "Eq 11",
    "Eq 12",
    "Eq 13",
    "Eq 14",
    "Eq 15",
    "Eq 16",
    "Eq 17"
  ],
  "best_equilibrium_welfare": 3657.070556640625,
  "worst_equilibrium_welfare": 0.0,
  "welfare_variance": 735597.112173219,
  "analysis_type": "role_symmetric"
}