{
  "welfare_data": [
    33484.80869995117,
    23791.128447265623,
    24548.64377338757,
    32619.980936019045,
    22542.11713241969,
    31439.961565555,
    28986.656327749643,
    21954.676289420277,
    21938.005327351613,
    24017.363341790035,
    22160.218073194294,
    33399.3150253534,
    22050.278938955882,
    21887.701519468992,
    21830.041852041362,
    27466.465609413317,
    30326.04426628549,
    24482.781450156923,
    22255.336403090925,
    25142.160887048216,
    26001.236491903655,
    22016.068100727403,
    30075.929719932676,
    32526.44569145484,
    21825.732849771306,
    23671.71000336796,
    23719.994261236516,
    24063.515470909704,
    21980.65925869528,
    26779.275549696544,
    23745.902549941104,
    23571.117562795618,
    25991.929540699224,
    21981.956447934648,
    22639.012951115077,
    21871.083238166073,
    21793.321005392965,
    33250.749793692856,
    32046.991713575684,
    24091.206112469907,
    28111.712626115328,
    29687.51279651596,
    32369.825290733643,
    29626.454837441364,
    21895.211101171088,
    29988.398062895893,
    23734.132864087056,
    22842.974988367892,
    23381.169002842413,
    30982.754719486995,
    29423.36577015473,
    21908.116054532253,
    22011.780465393054,
    22808.335464617347,
    23782.248801447873
  ],
  "labels": [
    "Eq 1",
    "Eq 2",
    "Eq 3",
    "Eq 4",
    "Eq 5",
    "Eq 6",
    "Eq 7",
    "Eq 8",
    "Eq 9",
    "Eq 10",
    "Eq 11",
    "Eq 12",
    "Eq 13",
    "Eq 14",
    "Eq 15",
    "Eq 16",
    "Eq 17",
    "Eq 18",
    "Eq 19",
    "Eq 20",
    "Eq 21",
    "Eq 22",
    "Eq 23",
    "Eq 24",
    "Eq 25",
    "Eq 26",
    "Eq 27",
    "Eq 28",
    "Eq 29",
    "Eq 30",
    "Eq 31",
    "Eq 32",
    "Eq 33",
    "Eq 34",
    "Eq 35",
    "Eq 36",
    "Eq 37",
    "Eq 38",
    "Eq 39",
    "Eq 40",
    "Eq 41",
    "Eq 42",
    "Eq 43",
    "Eq 44",
    "Eq 45",
    "Eq 46",
    "Eq 47",
    "Eq 48",
    "Eq 49",
    "Eq 50",
    "Eq 51",
    "Eq 52",
    "Eq 53",
    "Eq 54",
    "Eq 55"
  ],
  "best_equilibrium_welfare": 33484.80869995117,
  "worst_equilibrium_welfare": 21793.321005392965,
  "welfare_variance": 15386308.51061942,
  "welfare_comparison": [
    {
      "equilibrium": "Eq 1",
      "welfare": 33484.80869995117,
      "welfare_rank": 1
    },
    {
      "equilibrium": "Eq 2",
      "welfare": 23791.128447265623,
      "welfare_rank": 28
    },
    {
      "equilibrium": "Eq 3",
      "welfare": 24548.64377338757,
      "welfare_rank": 23
    },
    {
      "equilibrium": "Eq 4",
      "welfare": 32619.980936019045,
      "welfare_rank": 4
    },
    {
      "equilibrium": "Eq 5",
      "welfare": 22542.11713241969,
      "welfare_rank": 39
    },
    {
      "equilibrium": "Eq 6",
      "welfare": 31439.961565555,
      "welfare_rank": 8
    },
    {
      "equilibrium": "Eq 7",
      "welfare": 28986.656327749643,
      "welfare_rank": 16
    },
    {
      "equilibrium": "Eq 8",
      "welfare": 21954.676289420277,
      "welfare_rank": 47
    },
    {
      "equilibrium": "Eq 9",
      "welfare": 21938.005327351613,
      "welfare_rank": 48
    },
    {
      "equilibrium": "Eq 10",
      "welfare": 24017.363341790035,
      "welfare_rank": 27
    },
    {
      "equilibrium": "Eq 11",
      "welfare": 22160.218073194294,
      "welfare_rank": 41
    },
    {
      "equilibrium": "Eq 12",
      "welfare": 33399.3150253534,
      "welfare_rank": 2
    },
    {
      "equilibrium": "Eq 13",
      "welfare": 22050.278938955882,
      "welfare_rank": 42
    },
    {
      "equilibrium": "Eq 14",
      "welfare": 21887.701519468992,
      "welfare_rank": 51
    },
    {
      "equilibrium": "Eq 15",
      "welfare": 21830.041852041362,
      "welfare_rank": 53
    },
    {
      "equilibrium": "Eq 16",
      "welfare": 27466.465609413317,
      "welfare_rank": 18
    },
    {
      "equilibrium": "Eq 17",
      "welfare": 30326.04426628549,
      "welfare_rank": 10
    },
    {
      "equilibrium": "Eq 18",
      "welfare": 24482.781450156923,
      "welfare_rank": 24
    },
    {
      "equilibrium": "Eq 19",
      "welfare": 22255.336403090925,
      "welfare_rank": 40
    },
    {
      "equilibrium": "Eq 20",
      "welfare": 25142.160887048216,
      "welfare_rank": 22
    },
    {
      "equilibrium": "Eq 21",
      "welfare": 26001.236491903655,
      "welfare_rank": 20
    },
    {
      "equilibrium": "Eq 22",
      "welfare": 22016.068100727403,
      "welfare_rank": 43
    },
    {
      "equilibrium": "Eq 23",
      "welfare": 30075.929719932676,
      "welfare_rank": 11
    },
    {
      "equilibrium": "Eq 24",
      "welfare": 32526.44569145484,
      "welfare_rank": 5
    },
    {
      "equilibrium": "Eq 25",
      "welfare": 21825.732849771306,
      "welfare_rank": 54
    },
    {
      "equilibrium": "Eq 26",
      "welfare": 23671.71000336796,
      "welfare_rank": 33
    },
    {
      "equilibrium": "Eq 27",
      "welfare": 23719.994261236516,
      "welfare_rank": 32
    },
    {
      "equilibrium": "Eq 28",
      "welfare": 24063.515470909704,
      "welfare_rank": 26
    },
    {
      "equilibrium": "Eq 29",
      "welfare": 21980.65925869528,
      "welfare_rank": 46
    },
    {
      "equilibrium": "Eq 30",
      "welfare": 26779.275549696544,
      "welfare_rank": 19
    },
    {
      "equilibrium": "Eq 31",
      "welfare": 23745.902549941104,
      "welfare_rank": 30
    },
    {
      "equilibrium": "Eq 32",
      "welfare": 23571.117562795618,
      "welfare_rank": 34
    },
    {
      "equilibrium": "Eq 33",
      "welfare": 25991.929540699224,
      "welfare_rank": 21
    },
    {
      "equilibrium": "Eq 34",
      "welfare": 21981.956447934648,
      "welfare_rank": 45
    },
    {
      "equilibrium": "Eq 35",
      "welfare": 22639.012951115077,
      "welfare_rank": 38
    },
    {
      "equilibrium": "Eq 36",
      "welfare": 21871.083238166073,
      "welfare_rank": 52
    },
    {
      "equilibrium": "Eq 37",
      "welfare": 21793.321005392965,
      "welfare_rank": 55
    },
    {
      "equilibrium": "Eq 38",
      "welfare": 33250.749793692856,
      "welfare_rank": 3
    },
    {
      "equilibrium": "Eq 39",
      "welfare": 32046.991713575684,
      "welfare_rank": 7
    },
    {
      "equilibrium": "Eq 40",
      "welfare": 24091.206112469907,
      "welfare_rank": 25
    },
    {
      "equilibrium": "Eq 41",
      "welfare": 28111.712626115328,
      "welfare_rank": 17
    },
    {
      "equilibrium": "Eq 42",
      "welfare": 29687.51279651596,
      "welfare_rank": 13
    },
    {
      "equilibrium": "Eq 43",
      "welfare": 32369.825290733643,
      "welfare_rank": 6
    },
    {
      "equilibrium": "Eq 44",
      "welfare": 29626.454837441364,
      "welfare_rank": 14
    },
    {
      "equilibrium": "Eq 45",
      "welfare": 21895.211101171088,
      "welfare_rank": 50
    },
    {
      "equilibrium": "Eq 46",
      "welfare": 29988.398062895893,
      "welfare_rank": 12
    },
    {
      "equilibrium": "Eq 47",
      "welfare": 23734.132864087056,
      "welfare_rank": 31
    },
    {
      "equilibrium": "Eq 48",
      "welfare": 22842.974988367892,
      "welfare_rank": 36
    },
    {
      "equilibrium": "Eq 49",
      "welfare": 23381.169002842413,
      "welfare_rank": 35
    },
    {
      "equilibrium": "Eq 50",
      "welfare": 30982.754719486995,
      "welfare_rank": 9
    },
    {
      "equilibrium": "Eq 51",
      "welfare": 29423.36577015473,
      "welfare_rank": 15
    },
    {
      "equilibrium": "Eq 52",
      "welfare": 21908.116054532253,
      "welfare_rank": 49
    },
    {
      "equilibrium": "Eq 53",
      "welfare": 22011.780465393054,
      "welfare_rank": 44
    },
    {
      "equilibrium": "Eq 54",
      "welfare": 22808.335464617347,
      "welfare_rank": 37
    },
    {
      "equilibrium": "Eq 55",
      "welfare": 23782.248801447873,
      "welfare_rank": 29
    }
  ]
}