{
  "welfare_data": [
    0.0,
    0.0,
    0.0,
    0.0,
    0.0,
    0.0,
    0.0,
    0.0,
    0.0,
    0.0,
    0.0,
    0.0,
    0.0,
    0.0,
    0.00808814074844122,
    3.1986403465270996
  ],
  "labels": [
    "Eq 1",
    "Eq 2",
    "Eq 3",
    "Eq 4",
    "Eq 5",
    "Eq 6",
    "Eq 7",
    "Eq 8",
    "Eq 9",
    "Eq 10",
    "Eq 11",
    "Eq 12",
    "Eq 13",
    "Eq 14",
    "Eq 15",
    "Eq 16"
  ],
  "best_equilibrium_welfare": 3.1986403465270996,
  "worst_equilibrium_welfare": 0.0,
  "welfare_variance": 0.5992919537504837,
  "analysis_type": "role_symmetric"
}