{
  "welfare_data": [
    0.0,
    8.319039901394376e-12,
    -9.337044559742935e-08,
    -3.779085488986311e-07,
    -2.9344946597120725e-06
  ],
  "labels": [
    "Eq 1",
    "Eq 2",
    "Eq 3",
    "Eq 4",
    "Eq 5"
  ],
  "best_equilibrium_welfare": 8.319039901394376e-12,
  "worst_equilibrium_welfare": -2.9344946597120725e-06,
  "welfare_variance": 1.288588863148579e-12,
  "analysis_type": "role_symmetric"
}