{
  "welfare_data": [
    5.511583367479034e-08,
    0.0,
    0.0,
    0.0,
    0.0,
    0.0,
    1.3545061068858527e-13,
    5.286117680733393e-13,
    1.9081958235744878e-17,
    -5.898059818321144e-17,
    6.245004513516506e-17,
    4.163336342344337e-17,
    -2.498001805406602e-16,
    1.9984014443252818e-15,
    -1.2212453270876722e-15,
    0.0,
    1.7763568394002505e-15,
    -2.1316282072803006e-14,
    -3.197442310920451e-14,
    9.947598300641403e-14,
    -3.126388037344441e-13,
    -5.684341886080801e-13,
    7.958078640513122e-13,
    -4.547473508864641e-13,
    -1.3642420526593924e-12,
    5.4569682106375694e-12,
    4.547473508864641e-12,
    5.4569682106375694e-12,
    1.8189894035458565e-11,
    -1.8189894035458565e-11,
    2.546585164964199e-11,
    -2.546585164964199e-11,
    -4.3655745685100555e-11,
    7.275957614183426e-11,
    -2.9103830456733704e-11,
    1.4551915228366852e-11,
    -1.1641532182693481e-10,
    5.820766091346741e-11,
    2.6193447411060333e-10,
    -5.529727786779404e-10,
    0.0,
    1.7462298274040222e-10,
    0.0
  ],
  "labels": [
    "Eq 1",
    "Eq 2",
    "Eq 3",
    "Eq 4",
    "Eq 5",
    "Eq 6",
    "Eq 7",
    "Eq 8",
    "Eq 9",
    "Eq 10",
    "Eq 11",
    "Eq 12",
    "Eq 13",
    "Eq 14",
    "Eq 15",
    "Eq 16",
    "Eq 17",
    "Eq 18",
    "Eq 19",
    "Eq 20",
    "Eq 21",
    "Eq 22",
    "Eq 23",
    "Eq 24",
    "Eq 25",
    "Eq 26",
    "Eq 27",
    "Eq 28",
    "Eq 29",
    "Eq 30",
    "Eq 31",
    "Eq 32",
    "Eq 33",
    "Eq 34",
    "Eq 35",
    "Eq 36",
    "Eq 37",
    "Eq 38",
    "Eq 39",
    "Eq 40",
    "Eq 41",
    "Eq 42",
    "Eq 43"
  ],
  "best_equilibrium_welfare": 5.511583367479034e-08,
  "worst_equilibrium_welfare": -5.529727786779404e-10,
  "welfare_variance": 6.902128019398244e-17,
  "analysis_type": "role_symmetric"
}