{
  "welfare_data": [
    0.0,
    0.0,
    0.0,
    0.0,
    0.0,
    0.002568468451499939,
    0.0018724639667198062,
    0.0007937834598124027,
    0.0048681218177080154,
    0.0025537535548210144,
    0.04340985789895058,
    0.037746869027614594,
    0.016186680644750595,
    0.01576423831284046,
    0.03247310593724251,
    0.06785682588815689,
    0.03171191364526749,
    0.11444973200559616,
    0.07512098550796509,
    0.1704847365617752,
    0.4441404342651367,
    1.3448262214660645,
    6.606872081756592
  ],
  "labels": [
    "Eq 1",
    "Eq 2",
    "Eq 3",
    "Eq 4",
    "Eq 5",
    "Eq 6",
    "Eq 7",
    "Eq 8",
    "Eq 9",
    "Eq 10",
    "Eq 11",
    "Eq 12",
    "Eq 13",
    "Eq 14",
    "Eq 15",
    "Eq 16",
    "Eq 17",
    "Eq 18",
    "Eq 19",
    "Eq 20",
    "Eq 21",
    "Eq 22",
    "Eq 23"
  ],
  "best_equilibrium_welfare": 6.606872081756592,
  "worst_equilibrium_welfare": 0.0,
  "welfare_variance": 1.834019135314981,
  "analysis_type": "role_symmetric"
}