{
  "welfare_data": [
    0.0,
    -7.613151865371037e-06,
    7.71256018197164e-05
  ],
  "labels": [
    "Eq 1",
    "Eq 2",
    "Eq 3"
  ],
  "best_equilibrium_welfare": 7.71256018197164e-05,
  "worst_equilibrium_welfare": -7.613151865371037e-06,
  "welfare_variance": 1.4652194348311734e-09,
  "analysis_type": "role_symmetric"
}