{
  "welfare_data": [
    -3.23871699947631e-06,
    1.8481484858057229e-06,
    1.531316566605323e-11,
    1.369418911600917e-09,
    8.116298744198502e-09,
    1.2004294447365282e-08,
    4.119245833322793e-09,
    2.416554778505997e-08,
    5.584665530022903e-08,
    1.3548366872839779e-08,
    3.85497344268515e-07,
    5.912214362524537e-08,
    6.284470543960197e-08,
    4.357963007350918e-06,
    1.091828153221286e-06,
    -1.9365140602189967e-08,
    4.7139880621216435e-07,
    2.3430166606885905e-07,
    2.494271598152409e-07,
    1.3574783679359825e-06,
    2.9241255106171593e-06,
    5.797952326247469e-06,
    1.4104411093285307e-05,
    5.762849468737841e-06,
    3.065264309043414e-06,
    9.48778324527666e-06,
    4.887751401838614e-06,
    1.048754938892671e-06,
    2.0113329810556024e-05,
    1.6239378965110518e-05,
    1.1717293091351166e-05,
    1.4024815754964948e-05,
    1.917039480758831e-05,
    3.5702294553630054e-05,
    0.00011278469173703343,
    5.000121018383652e-05,
    1.184121811093064e-05,
    2.708897773118224e-05,
    0.00011361062934156507,
    0.002757783280685544,
    0.00017180971917696297,
    0.00013229541946202517,
    0.00010104948160005733,
    0.00016354948456864804,
    0.00046093331184238195,
    0.0007385165663436055,
    0.0027622543275356293,
    0.00016381239402107894,
    0.00032164345611818135,
    0.0010471700225025415,
    0.0002432241744827479,
    0.0020361505448818207,
    0.0002705482766032219,
    0.0012792734196409583,
    0.0006976465228945017,
    0.004297950305044651,
    0.0019091485301032662,
    0.0024905670434236526,
    0.0018659302731975913,
    0.003172924742102623
  ],
  "labels": [
    "Eq 1",
    "Eq 2",
    "Eq 3",
    "Eq 4",
    "Eq 5",
    "Eq 6",
    "Eq 7",
    "Eq 8",
    "Eq 9",
    "Eq 10",
    "Eq 11",
    "Eq 12",
    "Eq 13",
    "Eq 14",
    "Eq 15",
    "Eq 16",
    "Eq 17",
    "Eq 18",
    "Eq 19",
    "Eq 20",
    "Eq 21",
    "Eq 22",
    "Eq 23",
    "Eq 24",
    "Eq 25",
    "Eq 26",
    "Eq 27",
    "Eq 28",
    "Eq 29",
    "Eq 30",
    "Eq 31",
    "Eq 32",
    "Eq 33",
    "Eq 34",
    "Eq 35",
    "Eq 36",
    "Eq 37",
    "Eq 38",
    "Eq 39",
    "Eq 40",
    "Eq 41",
    "Eq 42",
    "Eq 43",
    "Eq 44",
    "Eq 45",
    "Eq 46",
    "Eq 47",
    "Eq 48",
    "Eq 49",
    "Eq 50",
    "Eq 51",
    "Eq 52",
    "Eq 53",
    "Eq 54",
    "Eq 55",
    "Eq 56",
    "Eq 57",
    "Eq 58",
    "Eq 59",
    "Eq 60"
  ],
  "best_equilibrium_welfare": 0.004297950305044651,
  "worst_equilibrium_welfare": -3.23871699947631e-06,
  "welfare_variance": 8.823017505474677e-07,
  "analysis_type": "role_symmetric"
}