{
  "welfare_data": [
    0.0005821085069328547
  ],
  "labels": [
    "Eq 1"
  ],
  "best_equilibrium_welfare": 0.0005821085069328547,
  "worst_equilibrium_welfare": 0.0005821085069328547,
  "welfare_variance": 0,
  "analysis_type": "role_symmetric"
}