{
  "welfare_data": [
    0.0,
    4.243931925884681e-06,
    1.2670321893892833e-06,
    1.243379847437609e-05
  ],
  "labels": [
    "Eq 1",
    "Eq 2",
    "Eq 3",
    "Eq 4"
  ],
  "best_equilibrium_welfare": 1.243379847437609e-05,
  "worst_equilibrium_welfare": 0.0,
  "welfare_variance": 2.342801179054075e-11,
  "analysis_type": "role_symmetric"
}