{
  "welfare_data": [
    -2.7672735996020492e-06,
    1.4132033356872853e-06,
    1.3234251809990383e-06,
    2.872357981686946e-05,
    1.871085952842577e-09,
    1.501962742622709e-06
  ],
  "labels": [
    "Eq 1",
    "Eq 2",
    "Eq 3",
    "Eq 4",
    "Eq 5",
    "Eq 6"
  ],
  "best_equilibrium_welfare": 2.872357981686946e-05,
  "worst_equilibrium_welfare": -2.7672735996020492e-06,
  "welfare_variance": 1.1445536592114249e-10,
  "analysis_type": "role_symmetric"
}