{
  "welfare_data": [
    -3.665438725874992e-06,
    1.8364219158684136e-06,
    1.4588474525623063e-11,
    2.5117878887925826e-09,
    2.2285655543186067e-09,
    3.962453032357871e-09,
    4.6605258319232234e-08,
    4.427069200119149e-08,
    1.3099755946655023e-08,
    -2.2415896694383264e-08,
    5.55405001989584e-08,
    3.839231339952676e-06,
    1.3462708636780008e-07,
    1.013168912322726e-06,
    1.9975348664047488e-07,
    9.952318578143604e-06,
    4.699301371147158e-06,
    5.555768439080566e-06,
    1.1200507969988394e-06,
    7.709857527515851e-06,
    8.063854693318717e-06,
    1.9906856323359534e-06,
    1.4404269677470438e-05,
    4.3349202314857394e-05,
    4.4064079702366143e-05,
    8.79755043570185e-06,
    1.850058470154181e-05,
    4.617956074071117e-05,
    1.265443006559508e-05,
    8.940034604165703e-05,
    7.16132199158892e-05,
    2.8930538974236697e-05,
    3.889782237820327e-05,
    3.10896139126271e-05,
    0.0001241134450538084,
    2.812153979903087e-05,
    6.121812475612387e-05,
    0.00024118306464515626,
    0.00017494865460321307,
    0.00012136175064370036,
    0.00012200690980535,
    6.772817141609266e-05,
    0.0001184861030196771,
    0.0006343750283122063,
    0.00011377579357940704,
    0.00033011724008247256,
    0.00023964053252711892,
    0.0005938275717198849,
    0.004447492770850658,
    0.0015186264645308256,
    0.00019480468472465873,
    0.001409740187227726,
    0.0009558746824041009,
    0.0018299274379387498,
    0.0003282308462075889,
    0.002646558452397585
  ],
  "labels": [
    "Eq 1",
    "Eq 2",
    "Eq 3",
    "Eq 4",
    "Eq 5",
    "Eq 6",
    "Eq 7",
    "Eq 8",
    "Eq 9",
    "Eq 10",
    "Eq 11",
    "Eq 12",
    "Eq 13",
    "Eq 14",
    "Eq 15",
    "Eq 16",
    "Eq 17",
    "Eq 18",
    "Eq 19",
    "Eq 20",
    "Eq 21",
    "Eq 22",
    "Eq 23",
    "Eq 24",
    "Eq 25",
    "Eq 26",
    "Eq 27",
    "Eq 28",
    "Eq 29",
    "Eq 30",
    "Eq 31",
    "Eq 32",
    "Eq 33",
    "Eq 34",
    "Eq 35",
    "Eq 36",
    "Eq 37",
    "Eq 38",
    "Eq 39",
    "Eq 40",
    "Eq 41",
    "Eq 42",
    "Eq 43",
    "Eq 44",
    "Eq 45",
    "Eq 46",
    "Eq 47",
    "Eq 48",
    "Eq 49",
    "Eq 50",
    "Eq 51",
    "Eq 52",
    "Eq 53",
    "Eq 54",
    "Eq 55",
    "Eq 56"
  ],
  "best_equilibrium_welfare": 0.004447492770850658,
  "worst_equilibrium_welfare": -3.665438725874992e-06,
  "welfare_variance": 5.6366704328633e-07,
  "analysis_type": "role_symmetric"
}