{
  "welfare_data": [
    1.084275481844088e-06,
    0.0027269613929092884,
    0.005709875840693712,
    0.0,
    0.23830991983413696,
    0.22475437819957733,
    0.2336021512746811,
    2453.299072265625,
    0.03385091945528984,
    0.0,
    0.6068956255912781,
    1.2261574268341064,
    0.8923714756965637,
    2682.378662109375,
    591.1741943359375,
    0.13390587270259857,
    26.42742156982422
  ],
  "labels": [
    "Eq 1",
    "Eq 2",
    "Eq 3",
    "Eq 4",
    "Eq 5",
    "Eq 6",
    "Eq 7",
    "Eq 8",
    "Eq 9",
    "Eq 10",
    "Eq 11",
    "Eq 12",
    "Eq 13",
    "Eq 14",
    "Eq 15",
    "Eq 16",
    "Eq 17"
  ],
  "best_equilibrium_welfare": 2682.378662109375,
  "worst_equilibrium_welfare": 0.0,
  "welfare_variance": 683206.562858311,
  "analysis_type": "role_symmetric"
}