{
  "welfare_data": [
    2.1765670226159273e-06,
    0.0032097932416945696,
    0.006443466059863567,
    0.0,
    0.2591639459133148,
    0.24236780405044556,
    0.24200356006622314
  ],
  "labels": [
    "Eq 1",
    "Eq 2",
    "Eq 3",
    "Eq 4",
    "Eq 5",
    "Eq 6",
    "Eq 7"
  ],
  "best_equilibrium_welfare": 0.2591639459133148,
  "worst_equilibrium_welfare": 0.0,
  "welfare_variance": 0.014783331269853175,
  "analysis_type": "role_symmetric"
}