{
  "welfare_data": [
    -1.6753567706473405e-06,
    -5.962457180430647e-06
  ],
  "labels": [
    "Eq 1",
    "Eq 2"
  ],
  "best_equilibrium_welfare": -1.6753567706473405e-06,
  "worst_equilibrium_welfare": -5.962457180430647e-06,
  "welfare_variance": 4.594807480891049e-12,
  "analysis_type": "role_symmetric"
}