{
  "welfare_data": [
    2.8851492970716208e-05,
    2.8851492970716208e-05
  ],
  "labels": [
    "Eq 1",
    "Eq 2"
  ],
  "best_equilibrium_welfare": 2.8851492970716208e-05,
  "worst_equilibrium_welfare": 2.8851492970716208e-05,
  "welfare_variance": 0.0,
  "analysis_type": "role_symmetric"
}