{
  "welfare_data": [
    2.0662610040744767e-06,
    0.003017374314367771,
    0.006060960236936808,
    0.0,
    0.24250061810016632,
    0.2287537306547165,
    0.21937847137451172,
    8655.3212890625,
    22.665225982666016,
    35.137367248535156,
    162.612060546875
  ],
  "labels": [
    "Eq 1",
    "Eq 2",
    "Eq 3",
    "Eq 4",
    "Eq 5",
    "Eq 6",
    "Eq 7",
    "Eq 8",
    "Eq 9",
    "Eq 10",
    "Eq 11"
  ],
  "best_equilibrium_welfare": 8655.3212890625,
  "worst_equilibrium_welfare": 0.0,
  "welfare_variance": 6161813.60251373,
  "analysis_type": "role_symmetric"
}