{
  "strategy_names": [
    "MELO_0_100",
    "MELO_100_0"
  ],
  "num_strategies": 2,
  "num_players": 10,
  "payoff_matrix": [
    [
      -1.7148282527923584,
      0.9795534014701843,
      -0.9097369313240051,
      -0.20766757428646088,
      0.0,
      0.8742080330848694,
      -0.42743465304374695,
      0.8555659651756287,
      -3.1278135776519775,
      0.9628817439079285,
      0.4663940370082855
    ],
    [
      -0.3275286555290222,
      0.33017733693122864,
      -0.8761335611343384,
      -0.673844039440155,
      0.2212332785129547,
      0.0,
      -0.6320177912712097,
      -0.7684062719345093,
      -0.3899187445640564,
      -0.9933270215988159,
      -0.06168268620967865
    ]
  ],
  "game_metadata": {
    "payoff_mean": 24086.956359918768,
    "payoff_std": 7700.89263749801
  },
  "total_profiles_simulated": 11,
  "profiles_per_strategy_combination": {
    "[('MELO_0_100', 2), ('MELO_100_0', 8)]": 1,
    "[('MELO_0_100', 9), ('MELO_100_0', 1)]": 1,
    "[('MELO_0_100', 3), ('MELO_100_0', 7)]": 1,
    "[('MELO_0_100', 4), ('MELO_100_0', 6)]": 1,
    "[('MELO_100_0', 10)]": 1,
    "[('MELO_0_100', 10)]": 1,
    "[('MELO_0_100', 5), ('MELO_100_0', 5)]": 1,
    "[('MELO_0_100', 8), ('MELO_100_0', 2)]": 1,
    "[('MELO_0_100', 1), ('MELO_100_0', 9)]": 1,
    "[('MELO_0_100', 7), ('MELO_100_0', 3)]": 1,
    "[('MELO_0_100', 6), ('MELO_100_0', 4)]": 1
  }
}