{
  "welfare_data": [
    30819.138361816404,
    25790.65008789063,
    25786.986399320816,
    22160.507017910593
  ],
  "labels": [
    "Eq 1",
    "Eq 2",
    "Eq 3",
    "Eq 4"
  ],
  "best_equilibrium_welfare": 30819.138361816404,
  "worst_equilibrium_welfare": 22160.507017910593,
  "welfare_variance": 9494340.579953551,
  "welfare_comparison": [
    {
      "equilibrium": "Eq 1",
      "welfare": 30819.138361816404,
      "welfare_rank": 1
    },
    {
      "equilibrium": "Eq 2",
      "welfare": 25790.65008789063,
      "welfare_rank": 2
    },
    {
      "equilibrium": "Eq 3",
      "welfare": 25786.986399320816,
      "welfare_rank": 3
    },
    {
      "equilibrium": "Eq 4",
      "welfare": 22160.507017910593,
      "welfare_rank": 4
    }
  ]
}