{
  "welfare_data": [
    0.0,
    0.2506765127182007,
    0.22206078469753265,
    0.00020594689704012126,
    0.21959032118320465
  ],
  "labels": [
    "Eq 1",
    "Eq 2",
    "Eq 3",
    "Eq 4",
    "Eq 5"
  ],
  "best_equilibrium_welfare": 0.2506765127182007,
  "worst_equilibrium_welfare": 0.0,
  "welfare_variance": 0.012889821966559023,
  "analysis_type": "role_symmetric"
}