{
  "welfare_data": [
    -0.5481019616127014
  ],
  "labels": [
    "Eq 1"
  ],
  "best_equilibrium_welfare": -0.5481019616127014,
  "worst_equilibrium_welfare": -0.5481019616127014,
  "welfare_variance": 0,
  "analysis_type": "role_symmetric"
}