{
  "welfare_data": [
    -8.373062883038074e-06,
    -8.373062883038074e-06
  ],
  "labels": [
    "Eq 1",
    "Eq 2"
  ],
  "best_equilibrium_welfare": -8.373062883038074e-06,
  "worst_equilibrium_welfare": -8.373062883038074e-06,
  "welfare_variance": 0.0,
  "analysis_type": "role_symmetric"
}