{
  "welfare_data": [
    0.0,
    0.0,
    0.0,
    0.0,
    0.0,
    0.002366445492953062,
    0.0013712677173316479,
    0.011544826440513134,
    0.029847854748368263,
    0.017298931255936623,
    0.023794369772076607,
    0.001791317597962916,
    0.0055915885604918,
    0.008854404091835022,
    0.04583734646439552,
    0.07124795019626617,
    0.1419791430234909,
    0.06477181613445282,
    0.10193441063165665,
    0.17081105709075928,
    0.48494237661361694,
    1.017452359199524,
    4.998681545257568,
    6.601680755615234
  ],
  "labels": [
    "Eq 1",
    "Eq 2",
    "Eq 3",
    "Eq 4",
    "Eq 5",
    "Eq 6",
    "Eq 7",
    "Eq 8",
    "Eq 9",
    "Eq 10",
    "Eq 11",
    "Eq 12",
    "Eq 13",
    "Eq 14",
    "Eq 15",
    "Eq 16",
    "Eq 17",
    "Eq 18",
    "Eq 19",
    "Eq 20",
    "Eq 21",
    "Eq 22",
    "Eq 23",
    "Eq 24"
  ],
  "best_equilibrium_welfare": 6.601680755615234,
  "worst_equilibrium_welfare": 0.0,
  "welfare_variance": 2.5823092638929808,
  "analysis_type": "role_symmetric"
}