{
  "welfare_data": [
    -4.714314400189323e-06,
    2.5991841994255083e-06,
    1.6638996385154314e-06,
    0.0,
    1.3490720693343228e-11,
    1.6056330527300378e-12,
    9.71683584288785e-12,
    7.018927106194894e-12,
    2.4781465941814407e-12,
    -8.447163801772462e-11,
    9.053837540795584e-12,
    4.301470638012894e-12,
    7.757474523861774e-11
  ],
  "labels": [
    "Eq 1",
    "Eq 2",
    "Eq 3",
    "Eq 4",
    "Eq 5",
    "Eq 6",
    "Eq 7",
    "Eq 8",
    "Eq 9",
    "Eq 10",
    "Eq 11",
    "Eq 12",
    "Eq 13"
  ],
  "best_equilibrium_welfare": 2.5991841994255083e-06,
  "worst_equilibrium_welfare": -4.714314400189323e-06,
  "welfare_variance": 2.441032414209356e-12,
  "analysis_type": "role_symmetric"
}