{
  "welfare_data": [
    -3.052167585337884e-06,
    1.298151005357795e-06,
    1.0836959063453833e-06,
    -6.277658394537866e-05
  ],
  "labels": [
    "Eq 1",
    "Eq 2",
    "Eq 3",
    "Eq 4"
  ],
  "best_equilibrium_welfare": 1.298151005357795e-06,
  "worst_equilibrium_welfare": -6.277658394537866e-05,
  "welfare_variance": 7.366743463091893e-10,
  "analysis_type": "role_symmetric"
}