{
  "welfare_data": [
    4.464461198949721e-06,
    -5.46489945918438e-06
  ],
  "labels": [
    "Eq 1",
    "Eq 2"
  ],
  "best_equilibrium_welfare": 4.464461198949721e-06,
  "worst_equilibrium_welfare": -5.46489945918438e-06,
  "welfare_variance": 2.4648050769825317e-11,
  "analysis_type": "role_symmetric"
}