{
  "strategy_names": [
    "MELO_0_100",
    "MELO_100_0"
  ],
  "num_strategies": 2,
  "num_players": 10,
  "payoff_matrix": [
    [
      -1.834591031074524,
      1.0676804780960083,
      -0.3978476822376251,
      -0.08285627514123917,
      0.0,
      1.277377963066101,
      0.0500459186732769,
      0.5965991616249084,
      -3.1926932334899902,
      0.6363672018051147,
      0.16596239805221558
    ],
    [
      -0.2336196005344391,
      -1.5927332639694214,
      -0.2501017451286316,
      -0.8567247986793518,
      -0.4729160666465759,
      0.0,
      -0.5869501233100891,
      -1.3159880638122559,
      0.061449188739061356,
      -0.6678133606910706,
      -0.5925979614257812
    ]
  ],
  "game_metadata": {
    "payoff_mean": 24585.944828879616,
    "payoff_std": 7700.691384544794
  },
  "total_profiles_simulated": 11,
  "profiles_per_strategy_combination": {
    "[('MELO_0_100', 2), ('MELO_100_0', 8)]": 1,
    "[('MELO_0_100', 9), ('MELO_100_0', 1)]": 1,
    "[('MELO_0_100', 3), ('MELO_100_0', 7)]": 1,
    "[('MELO_0_100', 4), ('MELO_100_0', 6)]": 1,
    "[('MELO_100_0', 10)]": 1,
    "[('MELO_0_100', 10)]": 1,
    "[('MELO_0_100', 5), ('MELO_100_0', 5)]": 1,
    "[('MELO_0_100', 8), ('MELO_100_0', 2)]": 1,
    "[('MELO_0_100', 1), ('MELO_100_0', 9)]": 1,
    "[('MELO_0_100', 7), ('MELO_100_0', 3)]": 1,
    "[('MELO_0_100', 6), ('MELO_100_0', 4)]": 1
  }
}