{
  "welfare_data": [
    1.2558959952002624e-06,
    0.0030708585400134325,
    0.005868652835488319,
    0.0,
    0.26635614037513733,
    0.2474808543920517,
    0.23327842354774475
  ],
  "labels": [
    "Eq 1",
    "Eq 2",
    "Eq 3",
    "Eq 4",
    "Eq 5",
    "Eq 6",
    "Eq 7"
  ],
  "best_equilibrium_welfare": 0.26635614037513733,
  "worst_equilibrium_welfare": 0.0,
  "welfare_variance": 0.014999274917327277,
  "analysis_type": "role_symmetric"
}