{
  "welfare_data": [
    0.16981767117977142
  ],
  "labels": [
    "Eq 1"
  ],
  "best_equilibrium_welfare": 0.16981767117977142,
  "worst_equilibrium_welfare": 0.16981767117977142,
  "welfare_variance": 0,
  "analysis_type": "role_symmetric"
}