{
  "strategy_names": [
    "MELO_0_100",
    "MELO_100_0"
  ],
  "num_strategies": 2,
  "num_players": 10,
  "payoff_matrix": [
    [
      -1.704990267753601,
      0.6294825077056885,
      -0.4549802541732788,
      0.03128904476761818,
      0.0,
      1.070867896080017,
      0.211282417178154,
      0.7733216881752014,
      -3.647536516189575,
      1.048111915588379,
      0.7854756116867065
    ],
    [
      -0.5138525366783142,
      -0.25434279441833496,
      -0.2885899245738983,
      -0.613900899887085,
      -0.17600469291210175,
      0.0,
      -0.9419025778770447,
      -0.8973258137702942,
      -0.3445777893066406,
      -0.7853831052780151,
      -0.8947708606719971
    ]
  ],
  "game_metadata": {
    "payoff_mean": 24543.73432891846,
    "payoff_std": 6728.852069061995
  },
  "total_profiles_simulated": 11,
  "profiles_per_strategy_combination": {
    "[('MELO_0_100', 2), ('MELO_100_0', 8)]": 1,
    "[('MELO_0_100', 9), ('MELO_100_0', 1)]": 1,
    "[('MELO_0_100', 3), ('MELO_100_0', 7)]": 1,
    "[('MELO_0_100', 4), ('MELO_100_0', 6)]": 1,
    "[('MELO_100_0', 10)]": 1,
    "[('MELO_0_100', 10)]": 1,
    "[('MELO_0_100', 5), ('MELO_100_0', 5)]": 1,
    "[('MELO_0_100', 8), ('MELO_100_0', 2)]": 1,
    "[('MELO_0_100', 1), ('MELO_100_0', 9)]": 1,
    "[('MELO_0_100', 7), ('MELO_100_0', 3)]": 1,
    "[('MELO_0_100', 6), ('MELO_100_0', 4)]": 1
  }
}