{
  "welfare_data": [
    0.21841195225715637,
    0.25713270902633667
  ],
  "labels": [
    "Eq 1",
    "Eq 2"
  ],
  "best_equilibrium_welfare": 0.25713270902633667,
  "worst_equilibrium_welfare": 0.21841195225715637,
  "welfare_variance": 0.00037482425119450546,
  "analysis_type": "role_symmetric"
}