{
  "welfare_data": [
    30954.185283203125,
    19814.656269531253
  ],
  "labels": [
    "Eq 1",
    "Eq 2"
  ],
  "best_equilibrium_welfare": 30954.185283203125,
  "worst_equilibrium_welfare": 19814.656269531253,
  "welfare_variance": 31022276.66160936,
  "welfare_comparison": [
    {
      "equilibrium": "Eq 1",
      "welfare": 30954.185283203125,
      "welfare_rank": 1
    },
    {
      "equilibrium": "Eq 2",
      "welfare": 19814.656269531253,
      "welfare_rank": 2
    }
  ]
}