{
  "welfare_data": [
    0.23295608162879944,
    3892.35595703125,
    0.23178711533546448,
    3636.854248046875,
    1469.8519287109375
  ],
  "labels": [
    "Eq 1",
    "Eq 2",
    "Eq 3",
    "Eq 4",
    "Eq 5"
  ],
  "best_equilibrium_welfare": 3892.35595703125,
  "worst_equilibrium_welfare": 0.23178711533546448,
  "welfare_variance": 2867862.3432367104,
  "analysis_type": "role_symmetric"
}