{
  "welfare_data": [
    0.0,
    0.0,
    9.861659009402501e-07,
    4.633831395040033e-06,
    0.00032355025177821517,
    0.00016813988622743636,
    0.0014582843286916614,
    0.0009083684999495745,
    0.0021933785174041986,
    0.004556985571980476,
    0.004517487250268459,
    0.008341490291059017,
    0.0046407002955675125,
    0.02406613714993,
    0.01846414990723133,
    0.03924742713570595,
    0.01582033559679985,
    0.016499042510986328,
    0.037830900400877,
    0.044598523527383804,
    0.331340491771698
  ],
  "labels": [
    "Eq 1",
    "Eq 2",
    "Eq 3",
    "Eq 4",
    "Eq 5",
    "Eq 6",
    "Eq 7",
    "Eq 8",
    "Eq 9",
    "Eq 10",
    "Eq 11",
    "Eq 12",
    "Eq 13",
    "Eq 14",
    "Eq 15",
    "Eq 16",
    "Eq 17",
    "Eq 18",
    "Eq 19",
    "Eq 20",
    "Eq 21"
  ],
  "best_equilibrium_welfare": 0.331340491771698,
  "worst_equilibrium_welfare": 0.0,
  "welfare_variance": 0.004841096427999563,
  "analysis_type": "role_symmetric"
}