{
  "welfare_data": [
    0.0,
    0.0,
    0.0,
    0.0069522857666015625,
    0.0356658473610878,
    0.05843581631779671,
    0.12400306761264801,
    2.2206549644470215,
    0.5161239504814148,
    7.436880111694336,
    3.703705310821533,
    10.239866256713867,
    13.260310173034668,
    2.7945520877838135,
    12.305974960327148,
    5.623742580413818
  ],
  "labels": [
    "Eq 1",
    "Eq 2",
    "Eq 3",
    "Eq 4",
    "Eq 5",
    "Eq 6",
    "Eq 7",
    "Eq 8",
    "Eq 9",
    "Eq 10",
    "Eq 11",
    "Eq 12",
    "Eq 13",
    "Eq 14",
    "Eq 15",
    "Eq 16"
  ],
  "best_equilibrium_welfare": 13.260310173034668,
  "worst_equilibrium_welfare": 0.0,
  "welfare_variance": 20.82372908005666,
  "analysis_type": "role_symmetric"
}