{
  "strategy_names": [
    "MELO_0_100",
    "MELO_100_0"
  ],
  "num_strategies": 2,
  "num_players": 10,
  "payoff_matrix": [
    [
      -2.955669641494751,
      1.0583276748657227,
      -1.5069029331207275,
      -0.6296238899230957,
      0.0,
      1.341459035873413,
      -0.24731400609016418,
      0.4404418170452118,
      -5.677917003631592,
      0.49583131074905396,
      -0.032008156180381775
    ],
    [
      -0.1545976847410202,
      -0.24678301811218262,
      0.0374327190220356,
      -0.4128738045692444,
      0.04436737298965454,
      0.0,
      -0.4712321162223816,
      -0.5985147356987,
      -0.04905158653855324,
      -0.38371217250823975,
      -0.36897942423820496
    ]
  ],
  "game_metadata": {
    "payoff_mean": 21901.097631189525,
    "payoff_std": 3857.2414608666745
  },
  "total_profiles_simulated": 11,
  "profiles_per_strategy_combination": {
    "[('MELO_0_100', 2), ('MELO_100_0', 8)]": 1,
    "[('MELO_0_100', 9), ('MELO_100_0', 1)]": 1,
    "[('MELO_0_100', 3), ('MELO_100_0', 7)]": 1,
    "[('MELO_0_100', 4), ('MELO_100_0', 6)]": 1,
    "[('MELO_100_0', 10)]": 1,
    "[('MELO_0_100', 10)]": 1,
    "[('MELO_0_100', 5), ('MELO_100_0', 5)]": 1,
    "[('MELO_0_100', 8), ('MELO_100_0', 2)]": 1,
    "[('MELO_0_100', 1), ('MELO_100_0', 9)]": 1,
    "[('MELO_0_100', 7), ('MELO_100_0', 3)]": 1,
    "[('MELO_0_100', 6), ('MELO_100_0', 4)]": 1
  }
}