{
  "welfare_data": [
    0.0,
    -2.27424693107605
  ],
  "labels": [
    "Eq 1",
    "Eq 2"
  ],
  "best_equilibrium_welfare": 0.0,
  "worst_equilibrium_welfare": -2.27424693107605,
  "welfare_variance": 1.2930497758772077,
  "analysis_type": "role_symmetric"
}