{
  "welfare_data": [
    0.00018314612680114806,
    0.00018314612680114806
  ],
  "labels": [
    "Eq 1",
    "Eq 2"
  ],
  "best_equilibrium_welfare": 0.00018314612680114806,
  "worst_equilibrium_welfare": 0.00018314612680114806,
  "welfare_variance": 0.0,
  "analysis_type": "role_symmetric"
}