{
  "welfare_data": [
    0.0,
    0.21678656339645386
  ],
  "labels": [
    "Eq 1",
    "Eq 2"
  ],
  "best_equilibrium_welfare": 0.21678656339645386,
  "worst_equilibrium_welfare": 0.0,
  "welfare_variance": 0.011749103517311177,
  "analysis_type": "role_symmetric"
}