{
  "welfare_data": [
    -4.242236627760576e-06,
    2.4070602648862405e-06,
    2.0299930838518776e-06,
    -8.725377847440541e-05,
    1.5508699879873689e-09,
    2.150504315068247e-06
  ],
  "labels": [
    "Eq 1",
    "Eq 2",
    "Eq 3",
    "Eq 4",
    "Eq 5",
    "Eq 6"
  ],
  "best_equilibrium_welfare": 2.4070602648862405e-06,
  "worst_equilibrium_welfare": -8.725377847440541e-05,
  "welfare_variance": 1.0740379080141835e-09,
  "analysis_type": "role_symmetric"
}