{
  "strategy_names": [
    "MELO_0_100",
    "MELO_100_0"
  ],
  "num_strategies": 2,
  "num_players": 10,
  "payoff_matrix": [
    [
      -0.6757239103317261,
      1.1915373802185059,
      -0.6833193898200989,
      -0.11686187237501144,
      0.0,
      1.2261344194412231,
      -0.035457793623209,
      -0.0006092971889302135,
      -3.368328332901001,
      0.7858737707138062,
      -0.2608387768268585
    ],
    [
      -0.4281235933303833,
      -0.67156982421875,
      -0.5291048884391785,
      0.17540042102336884,
      -0.10393895208835602,
      0.0,
      -0.4193289577960968,
      -0.3575890064239502,
      -0.6225172281265259,
      -0.7834527492523193,
      -0.2374510020017624
    ]
  ],
  "game_metadata": {
    "payoff_mean": 24548.643773387557,
    "payoff_std": 7288.079490685199
  },
  "total_profiles_simulated": 11,
  "profiles_per_strategy_combination": {
    "[('MELO_0_100', 2), ('MELO_100_0', 8)]": 1,
    "[('MELO_0_100', 9), ('MELO_100_0', 1)]": 1,
    "[('MELO_0_100', 3), ('MELO_100_0', 7)]": 1,
    "[('MELO_0_100', 4), ('MELO_100_0', 6)]": 1,
    "[('MELO_100_0', 10)]": 1,
    "[('MELO_0_100', 10)]": 1,
    "[('MELO_0_100', 5), ('MELO_100_0', 5)]": 1,
    "[('MELO_0_100', 8), ('MELO_100_0', 2)]": 1,
    "[('MELO_0_100', 1), ('MELO_100_0', 9)]": 1,
    "[('MELO_0_100', 7), ('MELO_100_0', 3)]": 1,
    "[('MELO_0_100', 6), ('MELO_100_0', 4)]": 1
  }
}