{
  "welfare_data": [
    1.1255210665694904e-06,
    0.0029227547347545624,
    0.006090065930038691,
    0.0,
    0.24472834169864655,
    0.23023706674575806,
    0.23340821266174316,
    0.0,
    6470.59228515625,
    0.0,
    0.05864877998828888,
    0.0,
    0.0,
    0.0,
    13.963582992553711,
    4.5097095835444634e-08,
    5.8862991636488e-07,
    5.528615787397939e-08
  ],
  "labels": [
    "Eq 1",
    "Eq 2",
    "Eq 3",
    "Eq 4",
    "Eq 5",
    "Eq 6",
    "Eq 7",
    "Eq 8",
    "Eq 9",
    "Eq 10",
    "Eq 11",
    "Eq 12",
    "Eq 13",
    "Eq 14",
    "Eq 15",
    "Eq 16",
    "Eq 17",
    "Eq 18"
  ],
  "best_equilibrium_welfare": 6470.59228515625,
  "worst_equilibrium_welfare": 0.0,
  "welfare_variance": 2196228.8401169637,
  "analysis_type": "role_symmetric"
}