{
  "welfare_data": [
    -6.2168328440748155e-06
  ],
  "labels": [
    "Eq 1"
  ],
  "best_equilibrium_welfare": -6.2168328440748155e-06,
  "worst_equilibrium_welfare": -6.2168328440748155e-06,
  "welfare_variance": 0,
  "analysis_type": "role_symmetric"
}