{
  "welfare_data": [
    3.977088169904164e-08,
    2.0403342659847112e-07,
    3.342852608057001e-07,
    1.992273155337898e-06,
    1.0646853354501218e-07,
    0.00010599753295537084,
    2.2778076527174562e-05,
    3.271719833719544e-05,
    1.7157650290755555e-05,
    6.226743425941095e-05,
    0.00014799034397583455,
    0.00025408650981262326,
    8.116701792459935e-05,
    0.0003226627013646066,
    2.2607096980209462e-05
  ],
  "labels": [
    "Eq 1",
    "Eq 2",
    "Eq 3",
    "Eq 4",
    "Eq 5",
    "Eq 6",
    "Eq 7",
    "Eq 8",
    "Eq 9",
    "Eq 10",
    "Eq 11",
    "Eq 12",
    "Eq 13",
    "Eq 14",
    "Eq 15"
  ],
  "best_equilibrium_welfare": 0.0003226627013646066,
  "worst_equilibrium_welfare": 3.977088169904164e-08,
  "welfare_variance": 9.202947130079415e-09,
  "analysis_type": "role_symmetric"
}