{
  "welfare_data": [
    0.0,
    0.005876403301954269,
    0.2108205109834671
  ],
  "labels": [
    "Eq 1",
    "Eq 2",
    "Eq 3"
  ],
  "best_equilibrium_welfare": 0.2108205109834671,
  "worst_equilibrium_welfare": 0.0,
  "welfare_variance": 0.009609100804496545,
  "analysis_type": "role_symmetric"
}