{
  "welfare_data": [
    0.0,
    0.24761751294136047,
    0.23511695861816406,
    0.00020595376554410905
  ],
  "labels": [
    "Eq 1",
    "Eq 2",
    "Eq 3",
    "Eq 4"
  ],
  "best_equilibrium_welfare": 0.24761751294136047,
  "worst_equilibrium_welfare": 0.0,
  "welfare_variance": 0.01457164893969607,
  "analysis_type": "role_symmetric"
}