{
  "welfare_data": [
    0.23455053567886353,
    1256.870361328125,
    1625.32763671875,
    1553.8092041015625,
    3405.35107421875,
    3267.659912109375,
    3268.3447265625,
    2619.517822265625,
    4059.99853515625,
    3199.00390625,
    3901.32861328125,
    4547.5537109375,
    3591.35791015625,
    5880.5341796875
  ],
  "labels": [
    "Eq 1",
    "Eq 2",
    "Eq 3",
    "Eq 4",
    "Eq 5",
    "Eq 6",
    "Eq 7",
    "Eq 8",
    "Eq 9",
    "Eq 10",
    "Eq 11",
    "Eq 12",
    "Eq 13",
    "Eq 14"
  ],
  "best_equilibrium_welfare": 5880.5341796875,
  "worst_equilibrium_welfare": 0.23455053567886353,
  "welfare_variance": 2106176.7143448256,
  "analysis_type": "role_symmetric"
}