{
  "welfare_data": [
    6.683736864943057e-05
  ],
  "labels": [
    "Eq 1"
  ],
  "best_equilibrium_welfare": 6.683736864943057e-05,
  "worst_equilibrium_welfare": 6.683736864943057e-05,
  "welfare_variance": 0,
  "analysis_type": "role_symmetric"
}