{
  "welfare_data": [
    -3.1366271286970004e-06,
    1.9978438103862572e-06,
    1.8776379420160083e-06,
    3.509696398396045e-05,
    1.766964463634224e-09,
    3.292320727155129e-08
  ],
  "labels": [
    "Eq 1",
    "Eq 2",
    "Eq 3",
    "Eq 4",
    "Eq 5",
    "Eq 6"
  ],
  "best_equilibrium_welfare": 3.509696398396045e-05,
  "worst_equilibrium_welfare": -3.1366271286970004e-06,
  "welfare_variance": 1.7245073363535325e-10,
  "analysis_type": "role_symmetric"
}