{
  "welfare_data": [
    0.31647706031799316,
    0.0,
    0.010344570502638817,
    1.4501599073410034,
    0.28372153639793396,
    0.6140121221542358,
    1.9633960723876953,
    0.6319084763526917,
    8.172115325927734
  ],
  "labels": [
    "Eq 1",
    "Eq 2",
    "Eq 3",
    "Eq 4",
    "Eq 5",
    "Eq 6",
    "Eq 7",
    "Eq 8",
    "Eq 9"
  ],
  "best_equilibrium_welfare": 8.172115325927734,
  "worst_equilibrium_welfare": 0.0,
  "welfare_variance": 5.957962377762237,
  "analysis_type": "role_symmetric"
}