{
  "welfare_data": [
    1.98828570319165e-06,
    0.0026802378706634045,
    0.0052222590893507,
    0.0,
    0.18281301856040955,
    0.2170807123184204,
    0.215145081281662,
    0.0001545754203107208,
    0.0032135022338479757,
    0.009188258089125156,
    0.02774094231426716,
    0.13038119673728943,
    3.3677024841308594,
    20.365158081054688,
    4.164437770843506,
    15.70451545715332,
    14.122961044311523,
    30.332441329956055,
    52.562156677246094,
    120.46297454833984,
    153.9553680419922
  ],
  "labels": [
    "Eq 1",
    "Eq 2",
    "Eq 3",
    "Eq 4",
    "Eq 5",
    "Eq 6",
    "Eq 7",
    "Eq 8",
    "Eq 9",
    "Eq 10",
    "Eq 11",
    "Eq 12",
    "Eq 13",
    "Eq 14",
    "Eq 15",
    "Eq 16",
    "Eq 17",
    "Eq 18",
    "Eq 19",
    "Eq 20",
    "Eq 21"
  ],
  "best_equilibrium_welfare": 153.9553680419922,
  "worst_equilibrium_welfare": 0.0,
  "welfare_variance": 1645.3332422635708,
  "analysis_type": "role_symmetric"
}