{
  "welfare_data": [
    1.0618988426358555e-06,
    0.0027289437130093575,
    0.005818917416036129,
    0.0,
    0.24260874092578888,
    0.22318848967552185,
    0.2027364820241928
  ],
  "labels": [
    "Eq 1",
    "Eq 2",
    "Eq 3",
    "Eq 4",
    "Eq 5",
    "Eq 6",
    "Eq 7"
  ],
  "best_equilibrium_welfare": 0.24260874092578888,
  "worst_equilibrium_welfare": 0.0,
  "welfare_variance": 0.012046276382159476,
  "analysis_type": "role_symmetric"
}