{
  "strategy_names": [
    "MELO_0_100",
    "MELO_100_0"
  ],
  "num_strategies": 2,
  "num_players": 10,
  "payoff_matrix": [
    [
      -0.22731181979179382,
      0.518846333026886,
      -0.21938489377498627,
      0.20904594659805298,
      0.08763594180345535,
      0.0,
      -0.026415299624204636,
      0.3026607632637024,
      0.3238896429538727,
      -0.4743642508983612,
      -0.626298189163208
    ],
    [
      2.4272122383117676,
      0.31434834003448486,
      -0.2579450011253357,
      0.1247594803571701,
      0.0,
      0.220303475856781,
      0.03946618735790253,
      -0.2843450903892517,
      -0.40088409185409546,
      -0.17014437913894653,
      -0.7829552888870239
    ]
  ],
  "game_metadata": {
    "payoff_mean": 21116.302088789507,
    "payoff_std": 16106.05341760583
  },
  "total_profiles_simulated": 11,
  "profiles_per_strategy_combination": {
    "[('MELO_0_100', 8), ('MELO_100_0', 2)]": 1,
    "[('MELO_0_100', 1), ('MELO_100_0', 9)]": 1,
    "[('MELO_0_100', 7), ('MELO_100_0', 3)]": 1,
    "[('MELO_0_100', 6), ('MELO_100_0', 4)]": 1,
    "[('MELO_0_100', 10)]": 1,
    "[('MELO_100_0', 10)]": 1,
    "[('MELO_0_100', 5), ('MELO_100_0', 5)]": 1,
    "[('MELO_0_100', 2), ('MELO_100_0', 8)]": 1,
    "[('MELO_0_100', 9), ('MELO_100_0', 1)]": 1,
    "[('MELO_0_100', 3), ('MELO_100_0', 7)]": 1,
    "[('MELO_0_100', 4), ('MELO_100_0', 6)]": 1
  }
}