{
  "strategy_names": [
    "MELO_0_100",
    "MELO_100_0"
  ],
  "num_strategies": 2,
  "num_players": 10,
  "payoff_matrix": [
    [
      0.4392399191856384,
      -0.13920031487941742,
      -0.2969677746295929,
      -0.356753945350647,
      1.3956806659698486,
      0.0,
      -0.41990548372268677,
      0.03233570605516434,
      0.7382731437683105,
      0.27496251463890076,
      -0.6994785070419312
    ],
    [
      0.7334725260734558,
      -0.6421985030174255,
      0.6088044047355652,
      -0.36020246148109436,
      0.0,
      0.18867743015289307,
      -0.49767744541168213,
      -0.4887148439884186,
      0.46841374039649963,
      -0.799380898475647,
      -0.36383020877838135
    ]
  ],
  "game_metadata": {
    "payoff_mean": 21812.66803316775,
    "payoff_std": 3859.0247648934806
  },
  "total_profiles_simulated": 11,
  "profiles_per_strategy_combination": {
    "[('MELO_0_100', 8), ('MELO_100_0', 2)]": 1,
    "[('MELO_0_100', 1), ('MELO_100_0', 9)]": 1,
    "[('MELO_0_100', 7), ('MELO_100_0', 3)]": 1,
    "[('MELO_0_100', 6), ('MELO_100_0', 4)]": 1,
    "[('MELO_0_100', 10)]": 1,
    "[('MELO_100_0', 10)]": 1,
    "[('MELO_0_100', 5), ('MELO_100_0', 5)]": 1,
    "[('MELO_0_100', 2), ('MELO_100_0', 8)]": 1,
    "[('MELO_0_100', 9), ('MELO_100_0', 1)]": 1,
    "[('MELO_0_100', 3), ('MELO_100_0', 7)]": 1,
    "[('MELO_0_100', 4), ('MELO_100_0', 6)]": 1
  }
}