{
  "welfare_data": [
    0.24953079223632812,
    0.0004772924876306206
  ],
  "labels": [
    "Eq 1",
    "Eq 2"
  ],
  "best_equilibrium_welfare": 0.24953079223632812,
  "worst_equilibrium_welfare": 0.0004772924876306206,
  "welfare_variance": 0.015506911434268618,
  "analysis_type": "role_symmetric"
}