{
  "welfare_data": [
    0.0,
    0.0,
    0.0,
    0.005279663950204849,
    0.04449884593486786,
    0.027087640017271042,
    0.11476674675941467,
    0.4347567558288574,
    2.304213762283325,
    2.527501344680786,
    4.767542362213135,
    7.619211673736572,
    12.25669002532959,
    50.094032287597656,
    40.598052978515625,
    21.29766845703125,
    3.399279832839966
  ],
  "labels": [
    "Eq 1",
    "Eq 2",
    "Eq 3",
    "Eq 4",
    "Eq 5",
    "Eq 6",
    "Eq 7",
    "Eq 8",
    "Eq 9",
    "Eq 10",
    "Eq 11",
    "Eq 12",
    "Eq 13",
    "Eq 14",
    "Eq 15",
    "Eq 16",
    "Eq 17"
  ],
  "best_equilibrium_welfare": 50.094032287597656,
  "worst_equilibrium_welfare": 0.0,
  "welfare_variance": 212.97194283331586,
  "analysis_type": "role_symmetric"
}