{
  "welfare_data": [
    3912.087158203125
  ],
  "labels": [
    "Eq 1"
  ],
  "best_equilibrium_welfare": 3912.087158203125,
  "worst_equilibrium_welfare": 3912.087158203125,
  "welfare_variance": 0,
  "analysis_type": "role_symmetric"
}