{
  "welfare_data": [
    0.0,
    0.0,
    0.0,
    0.0,
    0.0,
    0.0028002283070236444,
    0.00902221817523241,
    0.0032277903519570827,
    0.023574551567435265,
    0.0016923464136198163,
    0.0053476737812161446,
    0.01624431274831295,
    0.04849625378847122,
    0.04944693297147751,
    0.04041490703821182,
    0.07149935513734818,
    0.1123030036687851,
    0.0961855947971344,
    1.3752139806747437,
    0.18853840231895447,
    0.19866813719272614,
    6.7565388679504395,
    0.5957632660865784,
    8.924375534057617
  ],
  "labels": [
    "Eq 1",
    "Eq 2",
    "Eq 3",
    "Eq 4",
    "Eq 5",
    "Eq 6",
    "Eq 7",
    "Eq 8",
    "Eq 9",
    "Eq 10",
    "Eq 11",
    "Eq 12",
    "Eq 13",
    "Eq 14",
    "Eq 15",
    "Eq 16",
    "Eq 17",
    "Eq 18",
    "Eq 19",
    "Eq 20",
    "Eq 21",
    "Eq 22",
    "Eq 23",
    "Eq 24"
  ],
  "best_equilibrium_welfare": 8.924375534057617,
  "worst_equilibrium_welfare": 0.0,
  "welfare_variance": 4.723356140377878,
  "analysis_type": "role_symmetric"
}