{
  "welfare_data": [
    1.0523133369133575e-06,
    2.1051998828625074e-06,
    2.0833454072999302e-06,
    1.2010183070287894e-07,
    2.101970295598221e-07,
    0.0,
    0.35504230856895447,
    0.31434714794158936,
    0.3083033561706543,
    0.2896060645580292,
    0.31891700625419617,
    0.0,
    1.0205126272921916e-06,
    1.6471401977469213e-05,
    8.007920769159682e-06,
    8.492798951920122e-05,
    0.00011154911771882325,
    0.09157947450876236,
    0.027447905391454697,
    6.668645858764648,
    0.3962383270263672,
    1.2661477327346802,
    1.9842321872711182,
    36.82680892944336,
    46.44160842895508,
    5.678340911865234,
    6.974906921386719
  ],
  "labels": [
    "Eq 1",
    "Eq 2",
    "Eq 3",
    "Eq 4",
    "Eq 5",
    "Eq 6",
    "Eq 7",
    "Eq 8",
    "Eq 9",
    "Eq 10",
    "Eq 11",
    "Eq 12",
    "Eq 13",
    "Eq 14",
    "Eq 15",
    "Eq 16",
    "Eq 17",
    "Eq 18",
    "Eq 19",
    "Eq 20",
    "Eq 21",
    "Eq 22",
    "Eq 23",
    "Eq 24",
    "Eq 25",
    "Eq 26",
    "Eq 27"
  ],
  "best_equilibrium_welfare": 46.44160842895508,
  "worst_equilibrium_welfare": 0.0,
  "welfare_variance": 119.00271102366125,
  "analysis_type": "role_symmetric"
}