{
  "welfare_data": [
    1.0647277122188825e-06,
    0.002770699094980955,
    0.006195158697664738,
    0.0,
    0.2522999346256256,
    0.23880049586296082,
    0.23810335993766785
  ],
  "labels": [
    "Eq 1",
    "Eq 2",
    "Eq 3",
    "Eq 4",
    "Eq 5",
    "Eq 6",
    "Eq 7"
  ],
  "best_equilibrium_welfare": 0.2522999346256256,
  "worst_equilibrium_welfare": 0.0,
  "welfare_variance": 0.01422541638489506,
  "analysis_type": "role_symmetric"
}