{
  "welfare_data": [
    0.0,
    0.24594147503376007,
    0.21852898597717285,
    4.775991916656494,
    0.0002085783489746973,
    0.21921266615390778
  ],
  "labels": [
    "Eq 1",
    "Eq 2",
    "Eq 3",
    "Eq 4",
    "Eq 5",
    "Eq 6"
  ],
  "best_equilibrium_welfare": 4.775991916656494,
  "worst_equilibrium_welfare": 0.0,
  "welfare_variance": 2.9996678261203553,
  "analysis_type": "role_symmetric"
}