{
  "welfare_data": [
    0.0,
    0.0,
    0.0,
    0.0,
    4.496231831296882e-09,
    9.492892694140664e-09,
    2.3872823362580675e-07,
    1.0490533668416901e-06,
    9.504366062174086e-06,
    6.783296703360975e-05,
    0.00020712759578600526,
    0.0006318336818367243,
    0.00041774933924898505,
    0.0010260625276714563
  ],
  "labels": [
    "Eq 1",
    "Eq 2",
    "Eq 3",
    "Eq 4",
    "Eq 5",
    "Eq 6",
    "Eq 7",
    "Eq 8",
    "Eq 9",
    "Eq 10",
    "Eq 11",
    "Eq 12",
    "Eq 13",
    "Eq 14"
  ],
  "best_equilibrium_welfare": 0.0010260625276714563,
  "worst_equilibrium_welfare": 0.0,
  "welfare_variance": 9.113017301727574e-08,
  "analysis_type": "role_symmetric"
}