{
  "num_equilibria": 1,
  "regrets": [
    0.0
  ],
  "avg_support_size": 1.0,
  "min_support_size": 1,
  "max_support_size": 1,
  "strategy_frequencies": {
    "MELO_0_100": 1.0,
    "MELO_100_0": 1.8701351578442882e-10
  },
  "top_strategies": [
    [
      "MELO_0_100",
      1.0
    ],
    [
      "MELO_100_0",
      1.8701351578442882e-10
    ]
  ]
}