{
  "welfare_data": [
    1.0779845069919247e-06,
    0.003012011991813779,
    0.0060570938512682915,
    0.0,
    0.2372550517320633,
    0.2283620536327362,
    0.23609808087348938
  ],
  "labels": [
    "Eq 1",
    "Eq 2",
    "Eq 3",
    "Eq 4",
    "Eq 5",
    "Eq 6",
    "Eq 7"
  ],
  "best_equilibrium_welfare": 0.2372550517320633,
  "worst_equilibrium_welfare": 0.0,
  "welfare_variance": 0.013150508535730748,
  "analysis_type": "role_symmetric"
}