{
  "welfare_data": [
    0.0,
    6.828269949465948e-09,
    8.382673222229187e-09,
    3.8114343624329194e-05,
    3.019733412656933e-06,
    0.00038954237243160605,
    2.3827888071537018e-05,
    0.0013698898255825043
  ],
  "labels": [
    "Eq 1",
    "Eq 2",
    "Eq 3",
    "Eq 4",
    "Eq 5",
    "Eq 6",
    "Eq 7",
    "Eq 8"
  ],
  "best_equilibrium_welfare": 0.0013698898255825043,
  "worst_equilibrium_welfare": 0.0,
  "welfare_variance": 2.0178903612229388e-07,
  "analysis_type": "role_symmetric"
}