{
  "welfare_data": [
    0.0,
    -7.492656550311949e-06
  ],
  "labels": [
    "Eq 1",
    "Eq 2"
  ],
  "best_equilibrium_welfare": 0.0,
  "worst_equilibrium_welfare": -7.492656550311949e-06,
  "welfare_variance": 1.403497554523314e-11,
  "analysis_type": "role_symmetric"
}