{
  "welfare_data": [
    27553.05859375,
    32022.01953125
  ],
  "labels": [
    "Eq 1",
    "Eq 2"
  ],
  "best_equilibrium_welfare": 32022.01953125,
  "worst_equilibrium_welfare": 27553.05859375,
  "welfare_variance": 4992902.96522522,
  "analysis_type": "role_symmetric"
}