{
  "welfare_data": [
    0.0,
    0.0,
    0.0,
    0.0,
    0.0,
    0.0008599600405432284,
    0.0027742960955947638,
    0.0019011714030057192,
    0.002167146187275648,
    0.00541978795081377,
    0.0160058606415987,
    0.03296131640672684,
    0.016017433255910873,
    0.03969832882285118,
    0.026645172387361526,
    0.16386589407920837,
    0.047753822058439255,
    0.06470245867967606,
    0.07453560084104538,
    0.125896617770195,
    0.46183890104293823
  ],
  "labels": [
    "Eq 1",
    "Eq 2",
    "Eq 3",
    "Eq 4",
    "Eq 5",
    "Eq 6",
    "Eq 7",
    "Eq 8",
    "Eq 9",
    "Eq 10",
    "Eq 11",
    "Eq 12",
    "Eq 13",
    "Eq 14",
    "Eq 15",
    "Eq 16",
    "Eq 17",
    "Eq 18",
    "Eq 19",
    "Eq 20",
    "Eq 21"
  ],
  "best_equilibrium_welfare": 0.46183890104293823,
  "worst_equilibrium_welfare": 0.0,
  "welfare_variance": 0.010290210381622537,
  "analysis_type": "role_symmetric"
}