{
  "welfare_data": [
    0.0,
    0.48957568407058716
  ],
  "labels": [
    "Eq 1",
    "Eq 2"
  ],
  "best_equilibrium_welfare": 0.48957568407058716,
  "worst_equilibrium_welfare": 0.0,
  "welfare_variance": 0.05992108760829584,
  "analysis_type": "role_symmetric"
}