{
  "welfare_data": [
    5.2696268539875746e-05,
    5.2696268539875746e-05
  ],
  "labels": [
    "Eq 1",
    "Eq 2"
  ],
  "best_equilibrium_welfare": 5.2696268539875746e-05,
  "worst_equilibrium_welfare": 5.2696268539875746e-05,
  "welfare_variance": 0.0,
  "analysis_type": "role_symmetric"
}