{
  "welfare_data": [
    0.00013769017823506147,
    0.00013769017823506147
  ],
  "labels": [
    "Eq 1",
    "Eq 2"
  ],
  "best_equilibrium_welfare": 0.00013769017823506147,
  "worst_equilibrium_welfare": 0.00013769017823506147,
  "welfare_variance": 0.0,
  "analysis_type": "role_symmetric"
}