{
  "welfare_data": [
    -3.644001935754204e-06,
    2.021995669565513e-06,
    1.82102909140891e-11
  ],
  "labels": [
    "Eq 1",
    "Eq 2",
    "Eq 3"
  ],
  "best_equilibrium_welfare": 2.021995669565513e-06,
  "worst_equilibrium_welfare": -3.644001935754204e-06,
  "welfare_variance": 5.496756059342891e-12,
  "analysis_type": "role_symmetric"
}