{
  "welfare_data": [
    0.0007696951506659389
  ],
  "labels": [
    "Eq 1"
  ],
  "best_equilibrium_welfare": 0.0007696951506659389,
  "worst_equilibrium_welfare": 0.0007696951506659389,
  "welfare_variance": 0,
  "analysis_type": "role_symmetric"
}