{
  "welfare_data": [
    -3.509820089675486e-06,
    2.683062120922841e-06,
    2.0214731648593443e-06,
    3.7145058740861714e-05,
    1.993714970893734e-09,
    3.52081244159308e-08
  ],
  "labels": [
    "Eq 1",
    "Eq 2",
    "Eq 3",
    "Eq 4",
    "Eq 5",
    "Eq 6"
  ],
  "best_equilibrium_welfare": 3.7145058740861714e-05,
  "worst_equilibrium_welfare": -3.509820089675486e-06,
  "welfare_variance": 1.9298254455367203e-10,
  "analysis_type": "role_symmetric"
}