{
  "welfare_data": [
    -3.1008103178464808e-06,
    1.6657719470458687e-06,
    1.3542348824557848e-06,
    4.600128988840879e-08,
    2.765527185033534e-08,
    3.656757030512381e-08,
    6.283396203343727e-08,
    9.998972672065065e-08,
    9.534267064736923e-07,
    2.191049333077899e-07,
    9.432214937987737e-07,
    1.5773470067870221e-06,
    2.946082702237618e-07,
    1.5984149115411128e-07,
    1.621903493287391e-06,
    5.020210664952174e-06,
    7.615406502736732e-06,
    6.140436198620591e-06,
    5.8560217439662665e-06,
    6.330109499685932e-06,
    8.120137863443233e-06,
    2.4363136617466807e-05,
    1.3853085874870885e-05,
    1.2423308362485841e-05,
    3.756425576284528e-05,
    3.320001269457862e-05,
    2.2081161660025828e-05,
    3.373639265191741e-05,
    4.346327477833256e-05,
    0.00011279156024102122,
    0.0001473284646635875,
    4.420754703460261e-05,
    0.00015871471259742975,
    5.818336649099365e-05,
    6.730221502948552e-05,
    0.00017430077423341572,
    0.00016163504915311933,
    0.00024209765251725912,
    0.0001510914444224909,
    0.0002960439014714211,
    6.082032268750481e-05,
    0.00019885307119693607,
    0.00016512001457158476,
    0.00011794600141001865,
    0.0012923235772177577,
    0.0006758195231668651,
    0.0010696698445826769,
    0.0008294173167087138,
    0.002027073409408331,
    0.0015896281693130732,
    0.0005201988387852907,
    0.001481214421801269
  ],
  "labels": [
    "Eq 1",
    "Eq 2",
    "Eq 3",
    "Eq 4",
    "Eq 5",
    "Eq 6",
    "Eq 7",
    "Eq 8",
    "Eq 9",
    "Eq 10",
    "Eq 11",
    "Eq 12",
    "Eq 13",
    "Eq 14",
    "Eq 15",
    "Eq 16",
    "Eq 17",
    "Eq 18",
    "Eq 19",
    "Eq 20",
    "Eq 21",
    "Eq 22",
    "Eq 23",
    "Eq 24",
    "Eq 25",
    "Eq 26",
    "Eq 27",
    "Eq 28",
    "Eq 29",
    "Eq 30",
    "Eq 31",
    "Eq 32",
    "Eq 33",
    "Eq 34",
    "Eq 35",
    "Eq 36",
    "Eq 37",
    "Eq 38",
    "Eq 39",
    "Eq 40",
    "Eq 41",
    "Eq 42",
    "Eq 43",
    "Eq 44",
    "Eq 45",
    "Eq 46",
    "Eq 47",
    "Eq 48",
    "Eq 49",
    "Eq 50",
    "Eq 51",
    "Eq 52"
  ],
  "best_equilibrium_welfare": 0.002027073409408331,
  "worst_equilibrium_welfare": -3.1008103178464808e-06,
  "welfare_variance": 2.0614504595092662e-07,
  "analysis_type": "role_symmetric"
}