{
  "welfare_data": [
    -3.6142255339655094e-06,
    2.0705977021862054e-06,
    2.9303337534258844e-09,
    2.2400621446649893e-07,
    1.7718690514811897e-08,
    2.2328761062340163e-08,
    4.2979298342515904e-08,
    6.964437915257804e-08,
    1.529312143588868e-08,
    4.6648466422993806e-08,
    2.4802650955280114e-07,
    4.6260475983217475e-07,
    5.848563432664378e-06,
    2.14601982406748e-06,
    1.6839899217302445e-06,
    3.3235960472666193e-06,
    7.53446056478424e-06,
    1.1314035873510875e-05,
    5.745292583014816e-06,
    1.0682877018552972e-06,
    2.2576852643396705e-05,
    1.8936314518214203e-05,
    2.511785896786023e-05,
    2.394877446931787e-05,
    4.802039984497242e-05,
    4.6915869461372495e-05,
    5.634081026073545e-05,
    0.00012415448145475239,
    2.734861709541292e-06,
    6.25952088739723e-05,
    3.782871863222681e-05,
    0.00011171127698617056,
    0.00011570214701350778,
    2.9124221327947453e-05,
    9.390129707753658e-05,
    2.7593465347308666e-05,
    0.00015396448725368828,
    0.0002203593321610242,
    0.00016821458120830357,
    0.0002252923441119492,
    0.00033929929486475885,
    0.0004512261366471648,
    0.0001430864940630272,
    0.00016686350863892585,
    0.00035285306512378156,
    0.0008781843935139477
  ],
  "labels": [
    "Eq 1",
    "Eq 2",
    "Eq 3",
    "Eq 4",
    "Eq 5",
    "Eq 6",
    "Eq 7",
    "Eq 8",
    "Eq 9",
    "Eq 10",
    "Eq 11",
    "Eq 12",
    "Eq 13",
    "Eq 14",
    "Eq 15",
    "Eq 16",
    "Eq 17",
    "Eq 18",
    "Eq 19",
    "Eq 20",
    "Eq 21",
    "Eq 22",
    "Eq 23",
    "Eq 24",
    "Eq 25",
    "Eq 26",
    "Eq 27",
    "Eq 28",
    "Eq 29",
    "Eq 30",
    "Eq 31",
    "Eq 32",
    "Eq 33",
    "Eq 34",
    "Eq 35",
    "Eq 36",
    "Eq 37",
    "Eq 38",
    "Eq 39",
    "Eq 40",
    "Eq 41",
    "Eq 42",
    "Eq 43",
    "Eq 44",
    "Eq 45",
    "Eq 46"
  ],
  "best_equilibrium_welfare": 0.0008781843935139477,
  "worst_equilibrium_welfare": -3.6142255339655094e-06,
  "welfare_variance": 2.4695485728017803e-08,
  "analysis_type": "role_symmetric"
}