{
  "welfare_data": [
    -2.9265884222695604e-06,
    1.8850483911592164e-06,
    1.4245913462218596e-06,
    1.2714339130137642e-11,
    2.1771187075358966e-09,
    1.872522581436442e-09,
    9.888347030084788e-09,
    4.9631065479616154e-08,
    4.264589392732887e-08,
    1.1620430768743972e-06,
    3.5457627944879277e-09,
    -1.2810372140847903e-07,
    5.7082939264319066e-08,
    3.760366666938353e-07,
    -7.248656856972957e-07,
    2.608408919968497e-07,
    2.219236421296955e-06,
    1.1882916624017525e-06,
    4.026514943689108e-05,
    1.4904403542459477e-06,
    1.6510734894836787e-06,
    1.1155387255712412e-05,
    1.1306267424515681e-06,
    0.00013446797674987465,
    2.394649709458463e-05,
    2.023018714680802e-05,
    1.5997902664821595e-05,
    2.6393005100544542e-05,
    9.133907951763831e-06,
    2.3645345208933577e-05,
    6.026263872627169e-05,
    0.00021523842588067055,
    4.8082823923323303e-05,
    0.00012245704419910908,
    4.8049460019683465e-05,
    4.972363240085542e-05,
    9.20071906875819e-05,
    0.0001229061745107174,
    0.00015252394950948656,
    0.00047320465091615915,
    2.9203689337009564e-05,
    0.00015802367124706507,
    0.00015212359721772373,
    0.000289828545646742,
    7.943516538944095e-05,
    0.00017660052981227636,
    0.00028699173708446324,
    0.00144601846113801,
    0.0012452953960746527,
    0.00016757557750679553,
    0.0008646805072203279,
    0.0012617172906175256,
    0.0006557500455528498,
    0.0031652837060391903,
    0.0012121032923460007,
    0.00038741377647966146,
    0.0030904444865882397,
    0.002561151050031185
  ],
  "labels": [
    "Eq 1",
    "Eq 2",
    "Eq 3",
    "Eq 4",
    "Eq 5",
    "Eq 6",
    "Eq 7",
    "Eq 8",
    "Eq 9",
    "Eq 10",
    "Eq 11",
    "Eq 12",
    "Eq 13",
    "Eq 14",
    "Eq 15",
    "Eq 16",
    "Eq 17",
    "Eq 18",
    "Eq 19",
    "Eq 20",
    "Eq 21",
    "Eq 22",
    "Eq 23",
    "Eq 24",
    "Eq 25",
    "Eq 26",
    "Eq 27",
    "Eq 28",
    "Eq 29",
    "Eq 30",
    "Eq 31",
    "Eq 32",
    "Eq 33",
    "Eq 34",
    "Eq 35",
    "Eq 36",
    "Eq 37",
    "Eq 38",
    "Eq 39",
    "Eq 40",
    "Eq 41",
    "Eq 42",
    "Eq 43",
    "Eq 44",
    "Eq 45",
    "Eq 46",
    "Eq 47",
    "Eq 48",
    "Eq 49",
    "Eq 50",
    "Eq 51",
    "Eq 52",
    "Eq 53",
    "Eq 54",
    "Eq 55",
    "Eq 56",
    "Eq 57",
    "Eq 58"
  ],
  "best_equilibrium_welfare": 0.0031652837060391903,
  "worst_equilibrium_welfare": -2.9265884222695604e-06,
  "welfare_variance": 4.935991552663871e-07,
  "analysis_type": "role_symmetric"
}