{
  "welfare_data": [
    5.229369708104059e-05
  ],
  "labels": [
    "Eq 1"
  ],
  "best_equilibrium_welfare": 5.229369708104059e-05,
  "worst_equilibrium_welfare": 5.229369708104059e-05,
  "welfare_variance": 0,
  "analysis_type": "role_symmetric"
}