{
  "welfare_data": [
    2.9407983674900606e-06,
    -6.077641955926083e-06
  ],
  "labels": [
    "Eq 1",
    "Eq 2"
  ],
  "best_equilibrium_welfare": 2.9407983674900606e-06,
  "worst_equilibrium_welfare": -6.077641955926083e-06,
  "welfare_variance": 2.033306646675457e-11,
  "analysis_type": "role_symmetric"
}