{
  "welfare_data": [
    0.00010455391020514071
  ],
  "labels": [
    "Eq 1"
  ],
  "best_equilibrium_welfare": 0.00010455391020514071,
  "worst_equilibrium_welfare": 0.00010455391020514071,
  "welfare_variance": 0,
  "analysis_type": "role_symmetric"
}