{
  "welfare_data": [
    0.0,
    6.131631380412728e-08,
    0.0,
    0.0,
    0.0,
    0.0,
    0.0,
    0.0,
    5.566349789952463e-13,
    5.1803830322660893e-14,
    1.9020071975739405e-13,
    -2.949029909160572e-17,
    -2.498001805406602e-16,
    7.216449660063518e-16,
    6.661338147750939e-16,
    9.769962616701378e-15,
    -3.197442310920451e-14,
    -7.815970093361102e-14,
    -1.1368683772161603e-13,
    4.263256414560601e-13,
    -3.410605131648481e-13,
    4.547473508864641e-13,
    3.183231456205249e-12,
    3.637978807091713e-12,
    0.0,
    -4.547473508864641e-12,
    1.8189894035458565e-12,
    1.0913936421275139e-11,
    -5.4569682106375694e-12,
    -1.0913936421275139e-11,
    -1.0913936421275139e-11,
    -1.0913936421275139e-11,
    -2.1827872842550278e-11,
    -7.275957614183426e-11,
    5.820766091346741e-11,
    -8.731149137020111e-11,
    3.2014213502407074e-10,
    -5.820766091346741e-10,
    4.0745362639427185e-10,
    -1.7462298274040222e-10,
    2.3283064365386963e-10,
    5.820766091346741e-11
  ],
  "labels": [
    "Eq 1",
    "Eq 2",
    "Eq 3",
    "Eq 4",
    "Eq 5",
    "Eq 6",
    "Eq 7",
    "Eq 8",
    "Eq 9",
    "Eq 10",
    "Eq 11",
    "Eq 12",
    "Eq 13",
    "Eq 14",
    "Eq 15",
    "Eq 16",
    "Eq 17",
    "Eq 18",
    "Eq 19",
    "Eq 20",
    "Eq 21",
    "Eq 22",
    "Eq 23",
    "Eq 24",
    "Eq 25",
    "Eq 26",
    "Eq 27",
    "Eq 28",
    "Eq 29",
    "Eq 30",
    "Eq 31",
    "Eq 32",
    "Eq 33",
    "Eq 34",
    "Eq 35",
    "Eq 36",
    "Eq 37",
    "Eq 38",
    "Eq 39",
    "Eq 40",
    "Eq 41",
    "Eq 42"
  ],
  "best_equilibrium_welfare": 6.131631380412728e-08,
  "worst_equilibrium_welfare": -5.820766091346741e-10,
  "welfare_variance": 8.739397892997392e-17,
  "analysis_type": "role_symmetric"
}