{
  "welfare_data": [
    -3.1914728424453642e-06,
    1.5962509678502101e-06,
    1.4719267937834957e-06,
    1.4370416856479551e-08,
    4.392475005943197e-08,
    1.0053651067210012e-07,
    3.4956467942492964e-08,
    9.614101514898721e-08,
    -4.641807151983812e-07,
    1.983548145290115e-06,
    4.322523636801634e-07,
    5.519402890286074e-08,
    1.6540258229724714e-07,
    2.8069081281500985e-07,
    1.4699971870868467e-06,
    2.0160432541160844e-06,
    4.950283710059011e-06,
    8.590711331635248e-06,
    1.3148936659490573e-06,
    6.1557839217130095e-06,
    1.827672531362623e-05,
    4.697295662481338e-05,
    -2.8186464987811632e-05,
    4.478426853893325e-05,
    4.150021050008945e-05,
    8.6762331193313e-05,
    3.4165263059549034e-05,
    0.00023087734007276595,
    -0.00010098803613800555,
    0.00023003925161901861,
    7.979939982760698e-05,
    3.396327156224288e-05,
    0.00014240552263800055,
    0.00015426096797455102,
    0.00024421093985438347,
    5.719694308936596e-05,
    0.00029033111059106886,
    0.00020220683654770255,
    4.150150198256597e-05,
    0.0016012052074074745,
    0.00020538261742331088,
    0.00028417256544344127,
    0.0008740148041397333,
    0.004580526612699032,
    0.0005133766680955887,
    0.0007129710866138339,
    0.0003090942627750337,
    0.0008043929119594395,
    0.00044128092122264206,
    0.0007754039252176881,
    0.005233311094343662,
    0.0005719157052226365,
    0.0024052944499999285,
    0.004812114872038364,
    0.003659070236608386,
    0.0020576235838234425
  ],
  "labels": [
    "Eq 1",
    "Eq 2",
    "Eq 3",
    "Eq 4",
    "Eq 5",
    "Eq 6",
    "Eq 7",
    "Eq 8",
    "Eq 9",
    "Eq 10",
    "Eq 11",
    "Eq 12",
    "Eq 13",
    "Eq 14",
    "Eq 15",
    "Eq 16",
    "Eq 17",
    "Eq 18",
    "Eq 19",
    "Eq 20",
    "Eq 21",
    "Eq 22",
    "Eq 23",
    "Eq 24",
    "Eq 25",
    "Eq 26",
    "Eq 27",
    "Eq 28",
    "Eq 29",
    "Eq 30",
    "Eq 31",
    "Eq 32",
    "Eq 33",
    "Eq 34",
    "Eq 35",
    "Eq 36",
    "Eq 37",
    "Eq 38",
    "Eq 39",
    "Eq 40",
    "Eq 41",
    "Eq 42",
    "Eq 43",
    "Eq 44",
    "Eq 45",
    "Eq 46",
    "Eq 47",
    "Eq 48",
    "Eq 49",
    "Eq 50",
    "Eq 51",
    "Eq 52",
    "Eq 53",
    "Eq 54",
    "Eq 55",
    "Eq 56"
  ],
  "best_equilibrium_welfare": 0.005233311094343662,
  "worst_equilibrium_welfare": -0.00010098803613800555,
  "welfare_variance": 1.4898216462332698e-06,
  "analysis_type": "role_symmetric"
}