{
  "welfare_data": [
    3.878699317283463e-08,
    0.0,
    0.0,
    0.0,
    5.491378293927263e-13,
    -1.214306433183765e-17,
    -2.498001805406602e-16,
    8.881784197001252e-16,
    1.7763568394002505e-14,
    -3.197442310920451e-14,
    0.0,
    -7.105427357601002e-15,
    -1.5631940186722204e-13,
    7.105427357601002e-14,
    -5.684341886080802e-14,
    4.547473508864641e-13,
    -4.547473508864641e-13,
    2.2737367544323206e-12,
    -1.3642420526593924e-12,
    -4.547473508864641e-13,
    0.0,
    -9.094947017729282e-13,
    5.4569682106375694e-12,
    7.275957614183426e-12,
    2.1827872842550278e-11,
    -1.8189894035458565e-11,
    1.4551915228366852e-11,
    2.1827872842550278e-11,
    5.093170329928398e-11,
    7.275957614183426e-11,
    -5.820766091346741e-11,
    7.275957614183426e-11,
    1.4551915228366852e-10,
    5.820766091346741e-11,
    -5.820766091346741e-10,
    -1.7462298274040222e-10,
    3.4924596548080444e-10,
    -2.3283064365386963e-10,
    1.1641532182693481e-10
  ],
  "labels": [
    "Eq 1",
    "Eq 2",
    "Eq 3",
    "Eq 4",
    "Eq 5",
    "Eq 6",
    "Eq 7",
    "Eq 8",
    "Eq 9",
    "Eq 10",
    "Eq 11",
    "Eq 12",
    "Eq 13",
    "Eq 14",
    "Eq 15",
    "Eq 16",
    "Eq 17",
    "Eq 18",
    "Eq 19",
    "Eq 20",
    "Eq 21",
    "Eq 22",
    "Eq 23",
    "Eq 24",
    "Eq 25",
    "Eq 26",
    "Eq 27",
    "Eq 28",
    "Eq 29",
    "Eq 30",
    "Eq 31",
    "Eq 32",
    "Eq 33",
    "Eq 34",
    "Eq 35",
    "Eq 36",
    "Eq 37",
    "Eq 38",
    "Eq 39"
  ],
  "best_equilibrium_welfare": 3.878699317283463e-08,
  "worst_equilibrium_welfare": -5.820766091346741e-10,
  "welfare_variance": 3.7608052467056184e-17,
  "analysis_type": "role_symmetric"
}