{
  "welfare_data": [
    0.0,
    0.0,
    3.1342941575474015e-09,
    6.896621940200021e-09,
    8.986015018308535e-06
  ],
  "labels": [
    "Eq 1",
    "Eq 2",
    "Eq 3",
    "Eq 4",
    "Eq 5"
  ],
  "best_equilibrium_welfare": 8.986015018308535e-06,
  "worst_equilibrium_welfare": 0.0,
  "welfare_variance": 1.2912550961134208e-11,
  "analysis_type": "role_symmetric"
}