{
  "welfare_data": [
    0.0,
    0.0,
    4.503608124650782e-06,
    1.0094402114191325e-06,
    0.00034829467767849565,
    0.00017913788906298578,
    0.000883170694578439,
    0.004863199312239885,
    0.0013484195806086063,
    0.004234060179442167,
    0.0025573410093784332,
    0.01565684750676155,
    0.015389619395136833,
    0.0049902284517884254,
    0.007970561273396015,
    0.025940630584955215,
    0.042137715965509415,
    0.043152663856744766,
    0.021528001874685287,
    0.044107452034950256,
    0.32397082448005676
  ],
  "labels": [
    "Eq 1",
    "Eq 2",
    "Eq 3",
    "Eq 4",
    "Eq 5",
    "Eq 6",
    "Eq 7",
    "Eq 8",
    "Eq 9",
    "Eq 10",
    "Eq 11",
    "Eq 12",
    "Eq 13",
    "Eq 14",
    "Eq 15",
    "Eq 16",
    "Eq 17",
    "Eq 18",
    "Eq 19",
    "Eq 20",
    "Eq 21"
  ],
  "best_equilibrium_welfare": 0.32397082448005676,
  "worst_equilibrium_welfare": 0.0,
  "welfare_variance": 0.004638279208346375,
  "analysis_type": "role_symmetric"
}