{
  "welfare_data": [
    0.0,
    0.0,
    0.0,
    0.0059319413267076015,
    0.03043275512754917,
    0.049915626645088196,
    0.4651499092578888,
    0.11519916355609894,
    3.4948878288269043,
    9.775385856628418,
    2.6931204795837402,
    5.220466613769531,
    12.641069412231445,
    12.438200950622559
  ],
  "labels": [
    "Eq 1",
    "Eq 2",
    "Eq 3",
    "Eq 4",
    "Eq 5",
    "Eq 6",
    "Eq 7",
    "Eq 8",
    "Eq 9",
    "Eq 10",
    "Eq 11",
    "Eq 12",
    "Eq 13",
    "Eq 14"
  ],
  "best_equilibrium_welfare": 12.641069412231445,
  "worst_equilibrium_welfare": 0.0,
  "welfare_variance": 21.407334804883682,
  "analysis_type": "role_symmetric"
}