{
  "welfare_data": [
    -3.043515562239918e-06,
    1.736300532684254e-06,
    1.5081356302681925e-11,
    4.02205344585127e-08,
    3.793887159986298e-08,
    9.953454593869537e-08,
    8.303062060122102e-08,
    2.808011458910187e-07,
    7.625692433066433e-07,
    8.480664064336452e-07,
    9.623076948628295e-07,
    3.135006409138441e-06,
    1.167212576547172e-05,
    1.4822494449617807e-06,
    2.934317535618902e-06,
    5.258380952000152e-06,
    1.1294466730760178e-06,
    9.625398888601921e-06,
    6.620568001380889e-06,
    3.708175427163951e-05,
    2.1802114133606665e-05,
    4.1462928493274376e-05,
    0.00011507108865771443,
    3.640266368165612e-05,
    0.0001032358268275857,
    2.9173224902478978e-05,
    0.00012836891983170062,
    0.0001245406165253371,
    0.00017641621525399387,
    0.000468588899821043,
    0.0009603684302419424,
    0.00012232328299432993,
    0.00013839651364833117,
    0.0001827835658332333,
    0.0004691150679718703,
    0.0005356871988624334,
    0.00023702379257883877,
    0.00024033928639255464,
    0.00122846569865942,
    0.0005717570311389863,
    0.00044050876749679446,
    0.000155698973685503,
    0.00034054790739901364,
    0.00034489453537389636,
    0.0005558077245950699,
    0.00019361678278073668,
    0.00035722865140996873,
    0.000980606535449624,
    0.004857628606259823,
    0.00029430672293528914
  ],
  "labels": [
    "Eq 1",
    "Eq 2",
    "Eq 3",
    "Eq 4",
    "Eq 5",
    "Eq 6",
    "Eq 7",
    "Eq 8",
    "Eq 9",
    "Eq 10",
    "Eq 11",
    "Eq 12",
    "Eq 13",
    "Eq 14",
    "Eq 15",
    "Eq 16",
    "Eq 17",
    "Eq 18",
    "Eq 19",
    "Eq 20",
    "Eq 21",
    "Eq 22",
    "Eq 23",
    "Eq 24",
    "Eq 25",
    "Eq 26",
    "Eq 27",
    "Eq 28",
    "Eq 29",
    "Eq 30",
    "Eq 31",
    "Eq 32",
    "Eq 33",
    "Eq 34",
    "Eq 35",
    "Eq 36",
    "Eq 37",
    "Eq 38",
    "Eq 39",
    "Eq 40",
    "Eq 41",
    "Eq 42",
    "Eq 43",
    "Eq 44",
    "Eq 45",
    "Eq 46",
    "Eq 47",
    "Eq 48",
    "Eq 49",
    "Eq 50"
  ],
  "best_equilibrium_welfare": 0.004857628606259823,
  "worst_equilibrium_welfare": -3.043515562239918e-06,
  "welfare_variance": 5.021479310616103e-07,
  "analysis_type": "role_symmetric"
}