{
  "welfare_data": [
    2.4486905658704927e-06,
    -6.150354238343425e-06
  ],
  "labels": [
    "Eq 1",
    "Eq 2"
  ],
  "best_equilibrium_welfare": 2.4486905658704927e-06,
  "worst_equilibrium_welfare": -6.150354238343425e-06,
  "welfare_variance": 1.8485892886219594e-11,
  "analysis_type": "role_symmetric"
}