{
  "welfare_data": [
    32838.23046875,
    31569.46484375
  ],
  "labels": [
    "Eq 1",
    "Eq 2"
  ],
  "best_equilibrium_welfare": 32838.23046875,
  "worst_equilibrium_welfare": 31569.46484375,
  "welfare_variance": 402441.55279541016,
  "analysis_type": "role_symmetric"
}