{
  "welfare_data": [
    0.08522972464561462,
    0.0,
    0.011180736124515533,
    1.4842400550842285,
    0.598351240158081,
    0.3029805123806,
    2.1774420738220215,
    2.1825857162475586,
    6.1595354080200195,
    2.0379316806793213,
    13.427409172058105
  ],
  "labels": [
    "Eq 1",
    "Eq 2",
    "Eq 3",
    "Eq 4",
    "Eq 5",
    "Eq 6",
    "Eq 7",
    "Eq 8",
    "Eq 9",
    "Eq 10",
    "Eq 11"
  ],
  "best_equilibrium_welfare": 13.427409172058105,
  "worst_equilibrium_welfare": 0.0,
  "welfare_variance": 14.625822981603811,
  "analysis_type": "role_symmetric"
}