{
  "welfare_data": [
    1.0743634675236535e-06,
    0.002830970101058483,
    0.005989589728415012,
    0.0,
    0.2238108217716217,
    0.22119106352329254,
    0.23450690507888794,
    0.0,
    0.0007338272407650948,
    0.015872105956077576,
    0.15007781982421875,
    0.8409075736999512,
    0.08109600841999054,
    6238.46142578125,
    33.88327407836914,
    0.02605832926928997
  ],
  "labels": [
    "Eq 1",
    "Eq 2",
    "Eq 3",
    "Eq 4",
    "Eq 5",
    "Eq 6",
    "Eq 7",
    "Eq 8",
    "Eq 9",
    "Eq 10",
    "Eq 11",
    "Eq 12",
    "Eq 13",
    "Eq 14",
    "Eq 15",
    "Eq 16"
  ],
  "best_equilibrium_welfare": 6238.46142578125,
  "worst_equilibrium_welfare": 0.0,
  "welfare_variance": 2278702.611486341,
  "analysis_type": "role_symmetric"
}