{
  "welfare_data": [
    0.0,
    0.0,
    0.0,
    0.0,
    0.0,
    0.0,
    0.0,
    0.0,
    0.0,
    0.0,
    0.0,
    0.0,
    0.0,
    0.0,
    0.0,
    0.007770773489028215,
    3.0731310844421387
  ],
  "labels": [
    "Eq 1",
    "Eq 2",
    "Eq 3",
    "Eq 4",
    "Eq 5",
    "Eq 6",
    "Eq 7",
    "Eq 8",
    "Eq 9",
    "Eq 10",
    "Eq 11",
    "Eq 12",
    "Eq 13",
    "Eq 14",
    "Eq 15",
    "Eq 16",
    "Eq 17"
  ],
  "best_equilibrium_welfare": 3.0731310844421387,
  "worst_equilibrium_welfare": 0.0,
  "welfare_variance": 0.522696745820912,
  "analysis_type": "role_symmetric"
}